corporation,type_cor,type_p,time_event_start_date,time_event_end_date,corporation_employment_tenure_job_title,corporation_employment_tenure_salary,person
20eb81d3-58ea-eb17-23ed-d0916a83b0d4,corporation_employment_tenure_supervisor,people_employment_tenure_supervisor_of,2005-06-17,2007-12-18,外部监事, ,e048baf9-ccf8-8215-e688-a31fafedc1fd
20eb81d3-58ea-eb17-23ed-d0916a83b0d4,corporation_employment_tenure_supervisor,people_employment_tenure_supervisor_of, ,2007-12-18,监事, ,58a41da2-e400-00bd-ea70-999acf7be8f3
20eb81d3-58ea-eb17-23ed-d0916a83b0d4,corporation_employment_tenure_supervisor,people_employment_tenure_supervisor_of,2005-01-11,2007-12-18,监事, ,09f0825e-4a25-5fc3-ebe1-aad9cf20d4ee
20eb81d3-58ea-eb17-23ed-d0916a83b0d4,corporation_employment_tenure_supervisor,people_employment_tenure_supervisor_of,2005-01-10,2007-12-18,监事, ,0fd6b781-5e9e-c085-882d-7eadb40a24e1
20eb81d3-58ea-eb17-23ed-d0916a83b0d4,corporation_employment_tenure_supervisor,people_employment_tenure_supervisor_of,2005-04-23,2005-06-17,代理监事会主席, ,0fd6b781-5e9e-c085-882d-7eadb40a24e1
20eb81d3-58ea-eb17-23ed-d0916a83b0d4,corporation_employment_tenure_supervisor,people_employment_tenure_supervisor_of,2005-01-10,2007-12-18,监事, ,ea417d0a-4fe3-b870-4fdb-e96e3cce967f
20eb81d3-58ea-eb17-23ed-d0916a83b0d4,corporation_employment_tenure_supervisor,people_employment_tenure_supervisor_of,2005-06-03,2007-12-18,职工监事, ,f8e52092-4582-720d-2569-2184ff52c6f6
20eb81d3-58ea-eb17-23ed-d0916a83b0d4,corporation_employment_tenure_supervisor,people_employment_tenure_supervisor_of,2007-12-19,2010-12-22,职工监事, ,5c155c85-734d-d88c-29c2-78525831afd9
20eb81d3-58ea-eb17-23ed-d0916a83b0d4,corporation_employment_tenure_supervisor,people_employment_tenure_supervisor_of,2007-12-19,2010-12-22,股东监事, ,856ec898-957d-5e94-8f89-072d2bb6be2c
20eb81d3-58ea-eb17-23ed-d0916a83b0d4,corporation_employment_tenure_supervisor,people_employment_tenure_supervisor_of,2007-12-19,2010-06-17,外部监事, ,b2a4e69e-bb96-e756-5848-8cebd6edbee0
20eb81d3-58ea-eb17-23ed-d0916a83b0d4,corporation_employment_tenure_supervisor,people_employment_tenure_supervisor_of,2008-01-03,2009-12-24,监事会主席, ,b2a4e69e-bb96-e756-5848-8cebd6edbee0
20eb81d3-58ea-eb17-23ed-d0916a83b0d4,corporation_employment_tenure_supervisor,people_employment_tenure_supervisor_of,2005-06-17,2007-12-18,监事会主席, ,b2a4e69e-bb96-e756-5848-8cebd6edbee0
20eb81d3-58ea-eb17-23ed-d0916a83b0d4,corporation_employment_tenure_supervisor,people_employment_tenure_supervisor_of,2005-06-17,2007-12-18,外部监事, ,b2a4e69e-bb96-e756-5848-8cebd6edbee0
20eb81d3-58ea-eb17-23ed-d0916a83b0d4,corporation_employment_tenure_supervisor,people_employment_tenure_supervisor_of,2007-12-19,2010-12-22,职工监事, ,544f9352-90d9-55b3-d86d-783439eb5202
20eb81d3-58ea-eb17-23ed-d0916a83b0d4,corporation_employment_tenure_supervisor,people_employment_tenure_supervisor_of,2007-12-19,2010-12-22,职工监事, ,867487bf-420b-9cf8-fa41-8b266c3de5f6
20eb81d3-58ea-eb17-23ed-d0916a83b0d4,corporation_employment_tenure_supervisor,people_employment_tenure_supervisor_of,2007-12-19,2010-12-22,外部监事, ,67f94ea2-d0ff-d2b2-03d7-d3a53bc696bc
20eb81d3-58ea-eb17-23ed-d0916a83b0d4,corporation_employment_tenure_supervisor,people_employment_tenure_supervisor_of,2005-01-11,2007-12-18,外部监事, ,67f94ea2-d0ff-d2b2-03d7-d3a53bc696bc
20eb81d3-58ea-eb17-23ed-d0916a83b0d4,corporation_employment_tenure_supervisor,people_employment_tenure_supervisor_of,2010-12-23,2014-01-21,职工监事,2362700,ac1325b2-cc6a-9fd7-c862-9719d9eb9d2a
20eb81d3-58ea-eb17-23ed-d0916a83b0d4,corporation_employment_tenure_supervisor,people_employment_tenure_supervisor_of,2014-01-21,2017-06-29,职工监事,1706800,ef6745f0-0893-1f8e-ea55-2166cf38560b
20eb81d3-58ea-eb17-23ed-d0916a83b0d4,corporation_employment_tenure_supervisor,people_employment_tenure_supervisor_of,2010-12-23,2013-12-22,职工监事,1706800,ef6745f0-0893-1f8e-ea55-2166cf38560b
20eb81d3-58ea-eb17-23ed-d0916a83b0d4,corporation_employment_tenure_supervisor,people_employment_tenure_supervisor_of,2010-12-23,2014-01-20,外部监事,0,8033a938-c233-dba8-d7c3-70b9011eee8f
20eb81d3-58ea-eb17-23ed-d0916a83b0d4,corporation_employment_tenure_supervisor,people_employment_tenure_supervisor_of,2010-12-23,2014-01-20,外部监事,0,0b19bc9b-7276-9d26-ff47-b10d653d0757
20eb81d3-58ea-eb17-23ed-d0916a83b0d4,corporation_employment_tenure_supervisor,people_employment_tenure_supervisor_of,2014-01-21,2017-06-28,外部监事,358000,30ce3795-ddba-9438-ad1f-da16ccc829b1
20eb81d3-58ea-eb17-23ed-d0916a83b0d4,corporation_employment_tenure_supervisor,people_employment_tenure_supervisor_of,2014-01-21,2017-06-29,职工监事,2616600,5186ec1d-d663-c718-650a-fd2e8d17b0eb
20eb81d3-58ea-eb17-23ed-d0916a83b0d4,corporation_employment_tenure_supervisor,people_employment_tenure_supervisor_of,2010-12-23,2013-12-22,职工监事,2616600,5186ec1d-d663-c718-650a-fd2e8d17b0eb
20eb81d3-58ea-eb17-23ed-d0916a83b0d4,corporation_employment_tenure_supervisor,people_employment_tenure_supervisor_of,2017-06-30,2020-06-28,职工监事, ,85225987-1398-6f47-b1ea-f7788aeaadec
20eb81d3-58ea-eb17-23ed-d0916a83b0d4,corporation_employment_tenure_supervisor,people_employment_tenure_supervisor_of,2017-06-29,2020-06-28,外部监事,372400,dc567859-a140-2994-b930-f34848cba93a
20eb81d3-58ea-eb17-23ed-d0916a83b0d4,corporation_employment_tenure_supervisor,people_employment_tenure_supervisor_of,2014-01-21,2017-06-28,外部监事,372400,dc567859-a140-2994-b930-f34848cba93a
20eb81d3-58ea-eb17-23ed-d0916a83b0d4,corporation_employment_tenure_supervisor,people_employment_tenure_supervisor_of,2017-06-30,2020-06-28,职工监事, ,c8f900bb-8e9c-0eb1-1c78-a5137c13e5b1
20eb81d3-58ea-eb17-23ed-d0916a83b0d4,corporation_employment_tenure_supervisor,people_employment_tenure_supervisor_of,2017-06-30,2020-06-28,职工监事,3199500,33ef10e3-4fb4-d636-51f7-6323067caec7
20eb81d3-58ea-eb17-23ed-d0916a83b0d4,corporation_employment_tenure_supervisor,people_employment_tenure_supervisor_of,2017-06-29,2020-06-28,监事长,3199500,33ef10e3-4fb4-d636-51f7-6323067caec7
20eb81d3-58ea-eb17-23ed-d0916a83b0d4,corporation_employment_tenure_supervisor,people_employment_tenure_supervisor_of,2014-01-21,2017-06-28,监事长,3199500,33ef10e3-4fb4-d636-51f7-6323067caec7
20eb81d3-58ea-eb17-23ed-d0916a83b0d4,corporation_employment_tenure_supervisor,people_employment_tenure_supervisor_of,2014-01-21,2017-06-28,职工监事,3199500,33ef10e3-4fb4-d636-51f7-6323067caec7
20eb81d3-58ea-eb17-23ed-d0916a83b0d4,corporation_employment_tenure_supervisor,people_employment_tenure_supervisor_of,2010-12-23,2014-01-20,监事长,3199500,33ef10e3-4fb4-d636-51f7-6323067caec7
20eb81d3-58ea-eb17-23ed-d0916a83b0d4,corporation_employment_tenure_supervisor,people_employment_tenure_supervisor_of,2010-12-23,2014-01-20,股东代表监事,3199500,33ef10e3-4fb4-d636-51f7-6323067caec7
20eb81d3-58ea-eb17-23ed-d0916a83b0d4,corporation_employment_tenure_supervisor,people_employment_tenure_supervisor_of,2010-11-16,2010-12-22,监事长,3199500,33ef10e3-4fb4-d636-51f7-6323067caec7
20eb81d3-58ea-eb17-23ed-d0916a83b0d4,corporation_employment_tenure_supervisor,people_employment_tenure_supervisor_of,2010-06-17,2010-12-22,股东监事,3199500,33ef10e3-4fb4-d636-51f7-6323067caec7
20eb81d3-58ea-eb17-23ed-d0916a83b0d4,corporation_employment_tenure_supervisor,people_employment_tenure_supervisor_of,2017-06-29,2020-06-28,外部监事,322000,7ac261bd-578e-c76f-7d85-e6fff15f76d3
20eb81d3-58ea-eb17-23ed-d0916a83b0d4,corporation_employment_tenure_supervisor,people_employment_tenure_supervisor_of,2014-01-21,2017-06-28,外部监事,322000,7ac261bd-578e-c76f-7d85-e6fff15f76d3
20eb81d3-58ea-eb17-23ed-d0916a83b0d4,corporation_employment_tenure_supervisor,people_employment_tenure_supervisor_of,2007-12-19,2010-03-30,股东监事,322000,7ac261bd-578e-c76f-7d85-e6fff15f76d3
20eb81d3-58ea-eb17-23ed-d0916a83b0d4,corporation_employment_tenure_supervisor,people_employment_tenure_supervisor_of, ,2007-12-18,外部监事,322000,7ac261bd-578e-c76f-7d85-e6fff15f76d3
20eb81d3-58ea-eb17-23ed-d0916a83b0d4,corporation_employment_tenure_director,people_employment_tenure_director_of, , ,董事长, ,37923970-9573-3a81-8cbf-9a5e582b359d
20eb81d3-58ea-eb17-23ed-d0916a83b0d4,corporation_employment_tenure_supervisor,people_employment_tenure_supervisor_of,2017-06-29,2020-06-28,股东监事,314800,23abff7c-fcc6-2337-a9f7-9b1143f05811
20eb81d3-58ea-eb17-23ed-d0916a83b0d4,corporation_employment_tenure_supervisor,people_employment_tenure_supervisor_of,2014-01-21,2017-06-28,股东代表监事,314800,23abff7c-fcc6-2337-a9f7-9b1143f05811
20eb81d3-58ea-eb17-23ed-d0916a83b0d4,corporation_employment_tenure_supervisor,people_employment_tenure_supervisor_of,2010-12-23,2014-01-20,股东代表监事,314800,23abff7c-fcc6-2337-a9f7-9b1143f05811
20eb81d3-58ea-eb17-23ed-d0916a83b0d4,corporation_employment_tenure_supervisor,people_employment_tenure_supervisor_of,2010-06-17,2010-12-22,外部监事,314800,23abff7c-fcc6-2337-a9f7-9b1143f05811
20eb81d3-58ea-eb17-23ed-d0916a83b0d4,corporation_employment_tenure_director,people_employment_tenure_director_of,2004-12-13,2007-12-18,董事, ,0879be8d-ef0b-8fae-9495-cc5d5e1efc65
20eb81d3-58ea-eb17-23ed-d0916a83b0d4,corporation_employment_tenure_director,people_employment_tenure_director_of,2005-05-18,2007-12-18,董事会秘书,2650000,1c3b25d9-3e8b-c2de-5eca-7a648aa8deeb
20eb81d3-58ea-eb17-23ed-d0916a83b0d4,corporation_employment_tenure_supervisor,people_employment_tenure_supervisor_of,2005-01-10,2007-12-18,监事,2650000,1c3b25d9-3e8b-c2de-5eca-7a648aa8deeb
20eb81d3-58ea-eb17-23ed-d0916a83b0d4,corporation_employment_tenure_director,people_employment_tenure_director_of,2010-12-27,2012-07-17,董事会秘书,2650000,1c3b25d9-3e8b-c2de-5eca-7a648aa8deeb
20eb81d3-58ea-eb17-23ed-d0916a83b0d4,corporation_employment_tenure_director,people_employment_tenure_director_of,2005-05-18,2007-12-18,董事会秘书,2650000,1c3b25d9-3e8b-c2de-5eca-7a648aa8deeb
20eb81d3-58ea-eb17-23ed-d0916a83b0d4,corporation_employment_tenure_senior_executive,people_employment_tenure_senior_executive_of,2005-03-02,2007-12-18,薪酬与考核委员会委员, ,acfde430-16da-6bd2-562a-7ea4e56a9675
20eb81d3-58ea-eb17-23ed-d0916a83b0d4,corporation_employment_tenure_senior_executive,people_employment_tenure_senior_executive_of,2005-03-02,2007-12-18,风险管理委员会委员, ,acfde430-16da-6bd2-562a-7ea4e56a9675
20eb81d3-58ea-eb17-23ed-d0916a83b0d4,corporation_employment_tenure_director,people_employment_tenure_director_of,2004-12-13,2007-12-18,独立董事, ,acfde430-16da-6bd2-562a-7ea4e56a9675
20eb81d3-58ea-eb17-23ed-d0916a83b0d4,corporation_employment_tenure_director,people_employment_tenure_director_of,2004-12-14,2005-03-16,代理董事会秘书,2300000,cb2aefbc-b736-fa33-d3d0-3215d0880d96
20eb81d3-58ea-eb17-23ed-d0916a83b0d4,corporation_employment_tenure_director,people_employment_tenure_director_of,2004-12-14,2005-03-16,代理董事会秘书,2300000,cb2aefbc-b736-fa33-d3d0-3215d0880d96
20eb81d3-58ea-eb17-23ed-d0916a83b0d4,corporation_employment_tenure_senior_executive,people_employment_tenure_senior_executive_of,2003-10-17,2008-12-17,副行长,2300000,cb2aefbc-b736-fa33-d3d0-3215d0880d96
20eb81d3-58ea-eb17-23ed-d0916a83b0d4,corporation_employment_tenure_director,people_employment_tenure_director_of,2004-12-13,2007-12-18,董事, ,a36a7cd3-e7fe-8b32-00c1-79fa7d9bdfb8
20eb81d3-58ea-eb17-23ed-d0916a83b0d4,corporation_employment_tenure_senior_executive,people_employment_tenure_senior_executive_of,2005-03-02,2007-12-18,风险管理委员会委员, ,d18b2311-c050-2b7d-afb4-a6069a8905cc
20eb81d3-58ea-eb17-23ed-d0916a83b0d4,corporation_employment_tenure_senior_executive,people_employment_tenure_senior_executive_of,2005-03-02,2007-12-18,战略发展委员会委员, ,d18b2311-c050-2b7d-afb4-a6069a8905cc
20eb81d3-58ea-eb17-23ed-d0916a83b0d4,corporation_employment_tenure_director,people_employment_tenure_director_of,2004-12-13,2007-12-18,董事, ,d18b2311-c050-2b7d-afb4-a6069a8905cc
20eb81d3-58ea-eb17-23ed-d0916a83b0d4,corporation_employment_tenure_director,people_employment_tenure_director_of,2005-03-17,2005-05-16,代理董事会秘书, ,d18b2311-c050-2b7d-afb4-a6069a8905cc
20eb81d3-58ea-eb17-23ed-d0916a83b0d4,corporation_employment_tenure_director,people_employment_tenure_director_of,2004-12-14,2005-05-16,董事长, ,d18b2311-c050-2b7d-afb4-a6069a8905cc
20eb81d3-58ea-eb17-23ed-d0916a83b0d4,corporation_employment_tenure_director,people_employment_tenure_director_of, , ,独立董事, ,d18b2311-c050-2b7d-afb4-a6069a8905cc
20eb81d3-58ea-eb17-23ed-d0916a83b0d4,corporation_employment_tenure_director,people_employment_tenure_director_of,2005-03-17,2005-05-16,代理董事会秘书, ,d18b2311-c050-2b7d-afb4-a6069a8905cc
20eb81d3-58ea-eb17-23ed-d0916a83b0d4,corporation_employment_tenure_director,people_employment_tenure_director_of,2004-12-13,2007-12-18,董事, ,3eaa956c-6405-3ce4-70b8-fe68ee1ff304
20eb81d3-58ea-eb17-23ed-d0916a83b0d4,corporation_employment_tenure_senior_executive,people_employment_tenure_senior_executive_of,2005-03-02,2007-12-18,提名委员会委员, ,83c72289-b978-d1ee-d1c6-9c7fde12867b
20eb81d3-58ea-eb17-23ed-d0916a83b0d4,corporation_employment_tenure_senior_executive,people_employment_tenure_senior_executive_of,2005-03-02,2007-12-18,薪酬与考核委员会委员, ,83c72289-b978-d1ee-d1c6-9c7fde12867b
20eb81d3-58ea-eb17-23ed-d0916a83b0d4,corporation_employment_tenure_senior_executive,people_employment_tenure_senior_executive_of,2005-03-02,2007-12-18,战略发展委员会委员, ,83c72289-b978-d1ee-d1c6-9c7fde12867b
20eb81d3-58ea-eb17-23ed-d0916a83b0d4,corporation_employment_tenure_director,people_employment_tenure_director_of,2004-12-13,2007-12-18,董事, ,83c72289-b978-d1ee-d1c6-9c7fde12867b
20eb81d3-58ea-eb17-23ed-d0916a83b0d4,corporation_employment_tenure_director,people_employment_tenure_director_of,2007-06-15,2007-12-18,独立董事, ,4d18ec82-cba7-2109-1cfa-40de7ea65818
20eb81d3-58ea-eb17-23ed-d0916a83b0d4,corporation_employment_tenure_senior_executive,people_employment_tenure_senior_executive_of,2005-03-02,2007-12-18,审计与关联交易控制委员会委员, ,fbf74589-2c5e-be6e-c48f-95bb856efab3
20eb81d3-58ea-eb17-23ed-d0916a83b0d4,corporation_employment_tenure_director,people_employment_tenure_director_of,2004-12-13,2007-12-18,独立董事, ,fbf74589-2c5e-be6e-c48f-95bb856efab3
20eb81d3-58ea-eb17-23ed-d0916a83b0d4,corporation_employment_tenure_director,people_employment_tenure_director_of,2006-06-26,2007-12-18,董事, ,f563f768-1dd9-6b3e-a5d9-fa10565f3719
20eb81d3-58ea-eb17-23ed-d0916a83b0d4,corporation_employment_tenure_senior_executive,people_employment_tenure_senior_executive_of,2005-03-02,2007-12-18,战略发展委员会委员, ,64960578-489e-d44b-a331-0c94227b7914
20eb81d3-58ea-eb17-23ed-d0916a83b0d4,corporation_employment_tenure_director,people_employment_tenure_director_of,2004-12-13,2007-12-18,独立董事, ,64960578-489e-d44b-a331-0c94227b7914
20eb81d3-58ea-eb17-23ed-d0916a83b0d4,corporation_employment_tenure_director,people_employment_tenure_director_of,2004-12-13,2007-12-18,董事, ,74dfb906-e310-0a1d-a50c-a2ac4c6f2aa0
20eb81d3-58ea-eb17-23ed-d0916a83b0d4,corporation_employment_tenure_director,people_employment_tenure_director_of,2004-12-13,2007-12-18,董事, ,e0e09158-418b-7418-74fb-108caf84f8b5
20eb81d3-58ea-eb17-23ed-d0916a83b0d4,corporation_employment_tenure_senior_executive,people_employment_tenure_senior_executive_of,2005-03-02,2005-04-23,风险管理委员会委员, ,52f936f2-2ce0-9d7c-9722-8331951db015
20eb81d3-58ea-eb17-23ed-d0916a83b0d4,corporation_employment_tenure_senior_executive,people_employment_tenure_senior_executive_of,2005-03-02,2005-04-23,战略发展委员会召集人, ,52f936f2-2ce0-9d7c-9722-8331951db015
20eb81d3-58ea-eb17-23ed-d0916a83b0d4,corporation_employment_tenure_director,people_employment_tenure_director_of,2004-12-13,2005-04-23,董事, ,52f936f2-2ce0-9d7c-9722-8331951db015
20eb81d3-58ea-eb17-23ed-d0916a83b0d4,corporation_employment_tenure_director,people_employment_tenure_director_of,2004-12-13,2007-12-18,董事, ,c2f7cf94-bda4-1acb-d887-1a0b2cce1e14
20eb81d3-58ea-eb17-23ed-d0916a83b0d4,corporation_employment_tenure_director,people_employment_tenure_director_of,2007-12-19,2010-12-22,独立董事, ,be59ee40-569a-7b50-77fb-8b19179015f7
20eb81d3-58ea-eb17-23ed-d0916a83b0d4,corporation_employment_tenure_senior_executive,people_employment_tenure_senior_executive_of,2005-03-02,2007-12-18,提名委员会委员, ,be59ee40-569a-7b50-77fb-8b19179015f7
20eb81d3-58ea-eb17-23ed-d0916a83b0d4,corporation_employment_tenure_senior_executive,people_employment_tenure_senior_executive_of,2005-03-02,2007-12-18,薪酬与考核委员会委员, ,be59ee40-569a-7b50-77fb-8b19179015f7
20eb81d3-58ea-eb17-23ed-d0916a83b0d4,corporation_employment_tenure_senior_executive,people_employment_tenure_senior_executive_of,2005-03-02,2007-12-18,审计与关联交易控制委员会召集人, ,be59ee40-569a-7b50-77fb-8b19179015f7
20eb81d3-58ea-eb17-23ed-d0916a83b0d4,corporation_employment_tenure_senior_executive,people_employment_tenure_senior_executive_of,2005-03-02,2007-12-18,风险管理委员会委员, ,be59ee40-569a-7b50-77fb-8b19179015f7
20eb81d3-58ea-eb17-23ed-d0916a83b0d4,corporation_employment_tenure_director,people_employment_tenure_director_of,2004-12-13,2007-12-18,独立董事, ,be59ee40-569a-7b50-77fb-8b19179015f7
20eb81d3-58ea-eb17-23ed-d0916a83b0d4,corporation_employment_tenure_director,people_employment_tenure_director_of,2007-12-19,2010-12-22,董事, ,d1cd1fec-940d-a0b1-300f-29a27590f0ac
20eb81d3-58ea-eb17-23ed-d0916a83b0d4,corporation_employment_tenure_director,people_employment_tenure_director_of,2005-06-17,2007-12-18,董事, ,d1cd1fec-940d-a0b1-300f-29a27590f0ac
20eb81d3-58ea-eb17-23ed-d0916a83b0d4,corporation_employment_tenure_director,people_employment_tenure_director_of,2007-12-19,2010-12-22,独立董事, ,690ceca6-89b7-28eb-a378-8fc8a1259883
20eb81d3-58ea-eb17-23ed-d0916a83b0d4,corporation_employment_tenure_director,people_employment_tenure_director_of,2007-12-19,2010-12-22,董事, ,8e53c1a1-9894-154b-c449-be827e4b7e7f
20eb81d3-58ea-eb17-23ed-d0916a83b0d4,corporation_employment_tenure_director,people_employment_tenure_director_of,2010-06-17,2010-12-22,非执行董事, ,fd498db6-7f22-89e8-3195-33730961aa97
20eb81d3-58ea-eb17-23ed-d0916a83b0d4,corporation_employment_tenure_director,people_employment_tenure_director_of,2007-12-19,2010-06-17,执行董事, ,af542b22-dd3b-c9f9-825c-476c3230a3ca
20eb81d3-58ea-eb17-23ed-d0916a83b0d4,corporation_employment_tenure_director,people_employment_tenure_director_of,2008-01-28,2010-05-25,董事长, ,af542b22-dd3b-c9f9-825c-476c3230a3ca
20eb81d3-58ea-eb17-23ed-d0916a83b0d4,corporation_employment_tenure_director,people_employment_tenure_director_of,2005-06-17,2007-12-18,董事, ,af542b22-dd3b-c9f9-825c-476c3230a3ca
20eb81d3-58ea-eb17-23ed-d0916a83b0d4,corporation_employment_tenure_director,people_employment_tenure_director_of,2005-06-17,2007-12-18,董事长, ,af542b22-dd3b-c9f9-825c-476c3230a3ca
20eb81d3-58ea-eb17-23ed-d0916a83b0d4,corporation_employment_tenure_senior_executive,people_employment_tenure_senior_executive_of,2005-03-02,2007-12-18,提名委员会召集人, ,af542b22-dd3b-c9f9-825c-476c3230a3ca
20eb81d3-58ea-eb17-23ed-d0916a83b0d4,corporation_employment_tenure_senior_executive,people_employment_tenure_senior_executive_of,2005-03-02,2007-12-18,薪酬与考核委员会召集人, ,af542b22-dd3b-c9f9-825c-476c3230a3ca
20eb81d3-58ea-eb17-23ed-d0916a83b0d4,corporation_employment_tenure_senior_executive,people_employment_tenure_senior_executive_of,2005-03-02,2007-12-18,审计与关联交易控制委员会委员, ,af542b22-dd3b-c9f9-825c-476c3230a3ca
20eb81d3-58ea-eb17-23ed-d0916a83b0d4,corporation_employment_tenure_senior_executive,people_employment_tenure_senior_executive_of,2005-03-02,2007-12-18,风险管理委员会召集人, ,af542b22-dd3b-c9f9-825c-476c3230a3ca
20eb81d3-58ea-eb17-23ed-d0916a83b0d4,corporation_employment_tenure_director,people_employment_tenure_director_of,2004-12-13,2005-06-17,独立董事, ,af542b22-dd3b-c9f9-825c-476c3230a3ca
20eb81d3-58ea-eb17-23ed-d0916a83b0d4,corporation_employment_tenure_senior_executive,people_employment_tenure_senior_executive_of,2008-01-28,2010-05-25,首席执行官, ,af542b22-dd3b-c9f9-825c-476c3230a3ca
20eb81d3-58ea-eb17-23ed-d0916a83b0d4,corporation_employment_tenure_director,people_employment_tenure_director_of,2007-12-19,2010-12-22,独立董事, ,84937af7-bed7-1d8a-7d56-330bde6d52c4
20eb81d3-58ea-eb17-23ed-d0916a83b0d4,corporation_employment_tenure_director,people_employment_tenure_director_of,2007-06-15,2007-12-18,独立董事, ,84937af7-bed7-1d8a-7d56-330bde6d52c4
20eb81d3-58ea-eb17-23ed-d0916a83b0d4,corporation_employment_tenure_director,people_employment_tenure_director_of,2007-12-19,2010-12-22,董事, ,99da663e-4913-9e99-d494-8701aadca575
20eb81d3-58ea-eb17-23ed-d0916a83b0d4,corporation_employment_tenure_director,people_employment_tenure_director_of,2007-12-19,2010-12-22,独立董事, ,baa34f01-f17f-b6f6-cf64-bdbbb99a8a17
20eb81d3-58ea-eb17-23ed-d0916a83b0d4,corporation_employment_tenure_director,people_employment_tenure_director_of,2007-12-19,2010-12-22,董事, ,d7f79fd6-a5cd-3674-d137-3a3c2554de2f
20eb81d3-58ea-eb17-23ed-d0916a83b0d4,corporation_employment_tenure_senior_executive,people_employment_tenure_senior_executive_of,2005-03-02,2007-12-18,薪酬与考核委员会委员, ,d7f79fd6-a5cd-3674-d137-3a3c2554de2f
20eb81d3-58ea-eb17-23ed-d0916a83b0d4,corporation_employment_tenure_senior_executive,people_employment_tenure_senior_executive_of,2005-03-02,2007-12-18,战略发展委员会委员, ,d7f79fd6-a5cd-3674-d137-3a3c2554de2f
20eb81d3-58ea-eb17-23ed-d0916a83b0d4,corporation_employment_tenure_director,people_employment_tenure_director_of,2004-12-13,2007-12-18,董事, ,d7f79fd6-a5cd-3674-d137-3a3c2554de2f
20eb81d3-58ea-eb17-23ed-d0916a83b0d4,corporation_employment_tenure_director,people_employment_tenure_director_of,2007-12-19,2010-12-22,执行董事, ,5da5051a-19f8-1646-0af0-d19f52860c2d
20eb81d3-58ea-eb17-23ed-d0916a83b0d4,corporation_employment_tenure_senior_executive,people_employment_tenure_senior_executive_of,2000-03-01,2010-12-29,副行长, ,5da5051a-19f8-1646-0af0-d19f52860c2d
20eb81d3-58ea-eb17-23ed-d0916a83b0d4,corporation_employment_tenure_director,people_employment_tenure_director_of,2009-05-18,2010-12-22,独立董事, ,79b52ffd-d76b-e9ae-2c0e-79d67007af7b
20eb81d3-58ea-eb17-23ed-d0916a83b0d4,corporation_employment_tenure_director,people_employment_tenure_director_of,2010-12-23,2014-01-20,独立董事,14100,cc1a0de5-534e-efea-d828-ae538b02a61c
20eb81d3-58ea-eb17-23ed-d0916a83b0d4,corporation_employment_tenure_director,people_employment_tenure_director_of,2011-05-25,2014-01-20,独立董事,14100,af444dba-5775-ebbf-d65a-f7c6f6346ed5
20eb81d3-58ea-eb17-23ed-d0916a83b0d4,corporation_employment_tenure_director,people_employment_tenure_director_of,2010-12-23,2014-01-20,独立董事,14100,92b82040-07ec-3950-2a86-0200f2eefe60
20eb81d3-58ea-eb17-23ed-d0916a83b0d4,corporation_employment_tenure_director,people_employment_tenure_director_of,2011-05-25,2014-01-20,独立董事,14100,4d5c8aa9-8ca9-a202-8881-7d27589c6762
20eb81d3-58ea-eb17-23ed-d0916a83b0d4,corporation_employment_tenure_director,people_employment_tenure_director_of,2010-12-23,2014-01-20,非执行董事,14100,ebd8f242-d02d-c191-b9fb-7ccc07c5e697
20eb81d3-58ea-eb17-23ed-d0916a83b0d4,corporation_employment_tenure_director,people_employment_tenure_director_of,2007-12-19,2010-12-22,董事,14100,ebd8f242-d02d-c191-b9fb-7ccc07c5e697
20eb81d3-58ea-eb17-23ed-d0916a83b0d4,corporation_employment_tenure_director,people_employment_tenure_director_of,2006-06-26,2007-12-18,董事,14100,ebd8f242-d02d-c191-b9fb-7ccc07c5e697
20eb81d3-58ea-eb17-23ed-d0916a83b0d4,corporation_employment_tenure_director,people_employment_tenure_director_of,2010-12-23,2014-01-20,非执行董事,0,b1118968-d9d7-205f-da0d-520f371cd50e
20eb81d3-58ea-eb17-23ed-d0916a83b0d4,corporation_employment_tenure_director,people_employment_tenure_director_of,2010-06-17,2010-12-22,非执行董事,0,b1118968-d9d7-205f-da0d-520f371cd50e
20eb81d3-58ea-eb17-23ed-d0916a83b0d4,corporation_employment_tenure_director,people_employment_tenure_director_of,2010-12-23,2014-01-20,非执行董事,0,af6c8181-b123-b000-c0c3-618cb959fcc5
20eb81d3-58ea-eb17-23ed-d0916a83b0d4,corporation_employment_tenure_director,people_employment_tenure_director_of,2010-06-17,2010-12-22,非执行董事,0,af6c8181-b123-b000-c0c3-618cb959fcc5
20eb81d3-58ea-eb17-23ed-d0916a83b0d4,corporation_employment_tenure_director,people_employment_tenure_director_of,2010-12-23,2012-11-21,执行董事,7950000,0cd8a2b7-a417-c6a8-2793-377fe4bfbb4d
20eb81d3-58ea-eb17-23ed-d0916a83b0d4,corporation_employment_tenure_director,people_employment_tenure_director_of,2010-06-17,2010-12-22,执行董事,7950000,0cd8a2b7-a417-c6a8-2793-377fe4bfbb4d
20eb81d3-58ea-eb17-23ed-d0916a83b0d4,corporation_employment_tenure_senior_executive,people_employment_tenure_senior_executive_of,2010-10-13,2012-11-21,行长,7950000,0cd8a2b7-a417-c6a8-2793-377fe4bfbb4d
20eb81d3-58ea-eb17-23ed-d0916a83b0d4,corporation_employment_tenure_director,people_employment_tenure_director_of,2014-01-21,2014-05-21,独立董事,180200,4e44faf8-45f4-6648-8d3a-221dfea3e2bb
20eb81d3-58ea-eb17-23ed-d0916a83b0d4,corporation_employment_tenure_director,people_employment_tenure_director_of,2010-12-23,2014-01-20,独立董事,180200,4e44faf8-45f4-6648-8d3a-221dfea3e2bb
20eb81d3-58ea-eb17-23ed-d0916a83b0d4,corporation_employment_tenure_director,people_employment_tenure_director_of,2010-12-27,2012-11-21,董事长,6920000,e3b5a911-f4b9-5a1c-f1bf-467d60d47809
20eb81d3-58ea-eb17-23ed-d0916a83b0d4,corporation_employment_tenure_director,people_employment_tenure_director_of,2010-12-23,2012-11-21,执行董事,6920000,e3b5a911-f4b9-5a1c-f1bf-467d60d47809
20eb81d3-58ea-eb17-23ed-d0916a83b0d4,corporation_employment_tenure_director,people_employment_tenure_director_of,2010-05-25,2010-12-22,董事长,6920000,e3b5a911-f4b9-5a1c-f1bf-467d60d47809
20eb81d3-58ea-eb17-23ed-d0916a83b0d4,corporation_employment_tenure_director,people_employment_tenure_director_of,2007-12-19,2010-12-22,执行董事,6920000,e3b5a911-f4b9-5a1c-f1bf-467d60d47809
20eb81d3-58ea-eb17-23ed-d0916a83b0d4,corporation_employment_tenure_director,people_employment_tenure_director_of,2007-06-15,2007-12-18,董事,6920000,e3b5a911-f4b9-5a1c-f1bf-467d60d47809
20eb81d3-58ea-eb17-23ed-d0916a83b0d4,corporation_employment_tenure_senior_executive,people_employment_tenure_senior_executive_of,2007-05-10,2010-05-25,行长,6920000,e3b5a911-f4b9-5a1c-f1bf-467d60d47809
20eb81d3-58ea-eb17-23ed-d0916a83b0d4,corporation_employment_tenure_supervisor,people_employment_tenure_supervisor_of,2017-06-29,2020-06-28,外部监事,315000,0f56706d-777a-85da-3d7f-860364e70cda
20eb81d3-58ea-eb17-23ed-d0916a83b0d4,corporation_employment_tenure_director,people_employment_tenure_director_of,2014-01-21,2016-11-06,独立董事,315000,0f56706d-777a-85da-3d7f-860364e70cda
20eb81d3-58ea-eb17-23ed-d0916a83b0d4,corporation_employment_tenure_director,people_employment_tenure_director_of,2010-12-23,2014-01-20,独立董事,315000,0f56706d-777a-85da-3d7f-860364e70cda
20eb81d3-58ea-eb17-23ed-d0916a83b0d4,corporation_employment_tenure_director,people_employment_tenure_director_of,2014-01-21,2016-05-19,独立董事,276800,58f0ccd8-1338-6f8e-0bb0-8997c749d546
20eb81d3-58ea-eb17-23ed-d0916a83b0d4,corporation_employment_tenure_director,people_employment_tenure_director_of,2011-05-25,2014-01-20,独立董事,276800,58f0ccd8-1338-6f8e-0bb0-8997c749d546
20eb81d3-58ea-eb17-23ed-d0916a83b0d4,corporation_employment_tenure_director,people_employment_tenure_director_of,2014-01-21,2014-05-14,独立董事,199900,8b0c626e-e6aa-6f90-2709-5da236c36c82
20eb81d3-58ea-eb17-23ed-d0916a83b0d4,corporation_employment_tenure_director,people_employment_tenure_director_of,2010-12-23,2014-01-20,独立董事,199900,8b0c626e-e6aa-6f90-2709-5da236c36c82
20eb81d3-58ea-eb17-23ed-d0916a83b0d4,corporation_employment_tenure_director,people_employment_tenure_director_of,2010-06-17,2010-12-22,独立董事,199900,8b0c626e-e6aa-6f90-2709-5da236c36c82
20eb81d3-58ea-eb17-23ed-d0916a83b0d4,corporation_employment_tenure_director,people_employment_tenure_director_of,2014-01-21,2016-11-06,非执行董事,239200,c0780dad-d7bb-d3d0-d37e-38ac0da2baaf
20eb81d3-58ea-eb17-23ed-d0916a83b0d4,corporation_employment_tenure_director,people_employment_tenure_director_of,2010-12-23,2014-01-20,非执行董事,239200,c0780dad-d7bb-d3d0-d37e-38ac0da2baaf
20eb81d3-58ea-eb17-23ed-d0916a83b0d4,corporation_employment_tenure_director,people_employment_tenure_director_of,2007-12-19,2010-12-22,董事,239200,c0780dad-d7bb-d3d0-d37e-38ac0da2baaf
20eb81d3-58ea-eb17-23ed-d0916a83b0d4,corporation_employment_tenure_director,people_employment_tenure_director_of,2014-01-21,2015-01-07,执行董事,3772500,b4bf6b09-5d5c-7492-31d7-84e2c2fb7794
20eb81d3-58ea-eb17-23ed-d0916a83b0d4,corporation_employment_tenure_director,people_employment_tenure_director_of,2010-12-23,2014-01-20,执行董事,3772500,b4bf6b09-5d5c-7492-31d7-84e2c2fb7794
20eb81d3-58ea-eb17-23ed-d0916a83b0d4,corporation_employment_tenure_director,people_employment_tenure_director_of,2010-06-17,2010-12-22,执行董事,3772500,b4bf6b09-5d5c-7492-31d7-84e2c2fb7794
20eb81d3-58ea-eb17-23ed-d0916a83b0d4,corporation_employment_tenure_senior_executive,people_employment_tenure_senior_executive_of,2010-05-25,2015-01-07,副行长,3772500,b4bf6b09-5d5c-7492-31d7-84e2c2fb7794
20eb81d3-58ea-eb17-23ed-d0916a83b0d4,corporation_employment_tenure_senior_executive,people_employment_tenure_senior_executive_of,2010-05-25,2013-04-23,首席财务官,3772500,b4bf6b09-5d5c-7492-31d7-84e2c2fb7794
20eb81d3-58ea-eb17-23ed-d0916a83b0d4,corporation_employment_tenure_director,people_employment_tenure_director_of,2017-02-07,2019-11-06,独立董事,18000,c29983a3-a70e-a64d-d32b-55deb8700d83
20eb81d3-58ea-eb17-23ed-d0916a83b0d4,corporation_employment_tenure_director,people_employment_tenure_director_of,2014-01-21,2016-11-06,执行董事,5111300,2b7c2439-3b88-c719-3c17-df9930396a69
20eb81d3-58ea-eb17-23ed-d0916a83b0d4,corporation_employment_tenure_director,people_employment_tenure_director_of,2012-11-21,2014-01-20,董事,5111300,2b7c2439-3b88-c719-3c17-df9930396a69
20eb81d3-58ea-eb17-23ed-d0916a83b0d4,corporation_employment_tenure_senior_executive,people_employment_tenure_senior_executive_of,2012-11-21,2016-10-20,行长,5111300,2b7c2439-3b88-c719-3c17-df9930396a69
20eb81d3-58ea-eb17-23ed-d0916a83b0d4,corporation_employment_tenure_director,people_employment_tenure_director_of,2016-11-07,2019-11-06,独立董事,165700,69846867-1009-5419-d420-cb30cbea4747
20eb81d3-58ea-eb17-23ed-d0916a83b0d4,corporation_employment_tenure_director,people_employment_tenure_director_of,2016-08-20,2016-11-06,独立董事,165700,69846867-1009-5419-d420-cb30cbea4747
20eb81d3-58ea-eb17-23ed-d0916a83b0d4,corporation_employment_tenure_director,people_employment_tenure_director_of,2014-01-21,2016-11-06,董事长,0,86d1f618-70a2-0e62-b828-a85e0befd7a1
20eb81d3-58ea-eb17-23ed-d0916a83b0d4,corporation_employment_tenure_director,people_employment_tenure_director_of,2014-01-21,2016-11-06,非执行董事,0,86d1f618-70a2-0e62-b828-a85e0befd7a1
20eb81d3-58ea-eb17-23ed-d0916a83b0d4,corporation_employment_tenure_director,people_employment_tenure_director_of,2012-11-21,2014-01-20,董事长,0,86d1f618-70a2-0e62-b828-a85e0befd7a1
20eb81d3-58ea-eb17-23ed-d0916a83b0d4,corporation_employment_tenure_director,people_employment_tenure_director_of,2012-11-21,2014-01-20,董事,0,86d1f618-70a2-0e62-b828-a85e0befd7a1
20eb81d3-58ea-eb17-23ed-d0916a83b0d4,corporation_employment_tenure_director,people_employment_tenure_director_of,2016-11-07,2019-11-06,独立董事,431400,450dd558-2aa9-6791-e034-12fb74835da7
20eb81d3-58ea-eb17-23ed-d0916a83b0d4,corporation_employment_tenure_director,people_employment_tenure_director_of,2014-01-21,2016-11-06,独立董事,431400,450dd558-2aa9-6791-e034-12fb74835da7
20eb81d3-58ea-eb17-23ed-d0916a83b0d4,corporation_employment_tenure_director,people_employment_tenure_director_of,2016-11-07,2019-11-06,独立董事,410600,d304ebfd-2964-d7f2-1ac2-fb9fe330c7c3
20eb81d3-58ea-eb17-23ed-d0916a83b0d4,corporation_employment_tenure_director,people_employment_tenure_director_of,2014-01-21,2016-11-06,独立董事,410600,d304ebfd-2964-d7f2-1ac2-fb9fe330c7c3
20eb81d3-58ea-eb17-23ed-d0916a83b0d4,corporation_employment_tenure_director,people_employment_tenure_director_of,2016-11-07,2019-11-06,独立董事,383000,0bc0a1c7-1432-7015-803f-e9d73dd9e6c3
20eb81d3-58ea-eb17-23ed-d0916a83b0d4,corporation_employment_tenure_director,people_employment_tenure_director_of,2014-01-21,2016-11-06,独立董事,383000,0bc0a1c7-1432-7015-803f-e9d73dd9e6c3
20eb81d3-58ea-eb17-23ed-d0916a83b0d4,corporation_employment_tenure_director,people_employment_tenure_director_of,2016-11-07,2017-01-26,执行董事,6011700,82f1c97f-553a-e5d8-9ffc-98a084f484be
20eb81d3-58ea-eb17-23ed-d0916a83b0d4,corporation_employment_tenure_senior_executive,people_employment_tenure_senior_executive_of,2013-03-07,2017-01-26,副行长,6011700,82f1c97f-553a-e5d8-9ffc-98a084f484be
20eb81d3-58ea-eb17-23ed-d0916a83b0d4,corporation_employment_tenure_director,people_employment_tenure_director_of,2017-12-27,2019-11-06,执行董事, ,a6a5e93a-c25a-9952-2aeb-82d27b63dfe0
20eb81d3-58ea-eb17-23ed-d0916a83b0d4,corporation_employment_tenure_director,people_employment_tenure_director_of,2016-11-07,2017-01-14,执行董事,3874600,5425515f-5c79-8e8b-3523-6efd4c19f7d2
20eb81d3-58ea-eb17-23ed-d0916a83b0d4,corporation_employment_tenure_director,people_employment_tenure_director_of,2014-01-21,2016-11-06,执行董事,3874600,5425515f-5c79-8e8b-3523-6efd4c19f7d2
20eb81d3-58ea-eb17-23ed-d0916a83b0d4,corporation_employment_tenure_senior_executive,people_employment_tenure_senior_executive_of,2013-02-07,2017-01-14,副行长,3874600,5425515f-5c79-8e8b-3523-6efd4c19f7d2
20eb81d3-58ea-eb17-23ed-d0916a83b0d4,corporation_employment_tenure_director,people_employment_tenure_director_of,2017-12-27,2019-11-06,执行董事, ,f0374435-b92e-8fa0-5b5d-3d9a5aac8bfe
20eb81d3-58ea-eb17-23ed-d0916a83b0d4,corporation_employment_tenure_director,people_employment_tenure_director_of,2017-02-07,2019-11-06,非执行董事,14400,d96d7eaf-47e1-0e01-06ad-6d1ce472f196
20eb81d3-58ea-eb17-23ed-d0916a83b0d4,corporation_employment_tenure_director,people_employment_tenure_director_of,2016-11-07,2019-11-06,非执行董事,0,8a0e95f3-c7d3-232f-4de7-d29ad8f12418
20eb81d3-58ea-eb17-23ed-d0916a83b0d4,corporation_employment_tenure_director,people_employment_tenure_director_of,2014-01-21,2016-11-06,非执行董事,0,8a0e95f3-c7d3-232f-4de7-d29ad8f12418
20eb81d3-58ea-eb17-23ed-d0916a83b0d4,corporation_employment_tenure_director,people_employment_tenure_director_of,2016-11-07,2019-11-06,非执行董事,0,c5f86f35-2baa-8640-177b-07f3010102ba
20eb81d3-58ea-eb17-23ed-d0916a83b0d4,corporation_employment_tenure_director,people_employment_tenure_director_of,2014-01-21,2016-11-06,非执行董事,0,c5f86f35-2baa-8640-177b-07f3010102ba
20eb81d3-58ea-eb17-23ed-d0916a83b0d4,corporation_employment_tenure_director,people_employment_tenure_director_of,2016-12-10,2019-11-06,董事长,699700,d3a1798d-5ce5-c585-813e-0ddbc5696d09
20eb81d3-58ea-eb17-23ed-d0916a83b0d4,corporation_employment_tenure_director,people_employment_tenure_director_of,2016-12-10,2019-11-06,执行董事,699700,d3a1798d-5ce5-c585-813e-0ddbc5696d09
20eb81d3-58ea-eb17-23ed-d0916a83b0d4,corporation_employment_tenure_senior_executive,people_employment_tenure_senior_executive_of,2012-07-17,2013-11-02,副行长,699700,d3a1798d-5ce5-c585-813e-0ddbc5696d09
20eb81d3-58ea-eb17-23ed-d0916a83b0d4,corporation_employment_tenure_senior_executive,people_employment_tenure_senior_executive_of,2017-09-13, ,首席财务官, ,2eae7fbf-7532-6f30-e5ff-6cadae8eb2bb
20eb81d3-58ea-eb17-23ed-d0916a83b0d4,corporation_employment_tenure_director,people_employment_tenure_director_of,2016-11-07,2019-11-06,非执行董事,0,02e8feb9-00b9-3967-2ee9-a801e68635ea
20eb81d3-58ea-eb17-23ed-d0916a83b0d4,corporation_employment_tenure_director,people_employment_tenure_director_of,2014-01-21,2016-11-06,非执行董事,0,02e8feb9-00b9-3967-2ee9-a801e68635ea
20eb81d3-58ea-eb17-23ed-d0916a83b0d4,corporation_employment_tenure_director,people_employment_tenure_director_of,2010-12-23,2014-01-20,非执行董事,0,02e8feb9-00b9-3967-2ee9-a801e68635ea
20eb81d3-58ea-eb17-23ed-d0916a83b0d4,corporation_employment_tenure_director,people_employment_tenure_director_of,2010-06-17,2010-12-22,非执行董事,0,02e8feb9-00b9-3967-2ee9-a801e68635ea
20eb81d3-58ea-eb17-23ed-d0916a83b0d4,corporation_employment_tenure_senior_executive,people_employment_tenure_senior_executive_of,2017-05-13, ,副行长, ,57a83ca1-d2e2-5130-f8c6-f5e126bccb23
20eb81d3-58ea-eb17-23ed-d0916a83b0d4,corporation_employment_tenure_senior_executive,people_employment_tenure_senior_executive_of,2008-10-23,2009-08-21,首席资金执行官, ,57a83ca1-d2e2-5130-f8c6-f5e126bccb23
20eb81d3-58ea-eb17-23ed-d0916a83b0d4,corporation_employment_tenure_director,people_employment_tenure_director_of,2016-11-07,2019-11-06,非执行董事,0,9c434329-cf67-5087-0c72-8b0bc16ccef1
20eb81d3-58ea-eb17-23ed-d0916a83b0d4,corporation_employment_tenure_director,people_employment_tenure_director_of,2014-01-21,2016-11-06,非执行董事,0,9c434329-cf67-5087-0c72-8b0bc16ccef1
20eb81d3-58ea-eb17-23ed-d0916a83b0d4,corporation_employment_tenure_director,people_employment_tenure_director_of,2010-12-23,2014-01-20,非执行董事,0,9c434329-cf67-5087-0c72-8b0bc16ccef1
20eb81d3-58ea-eb17-23ed-d0916a83b0d4,corporation_employment_tenure_director,people_employment_tenure_director_of,2010-06-17,2010-12-22,非执行董事,0,9c434329-cf67-5087-0c72-8b0bc16ccef1
20eb81d3-58ea-eb17-23ed-d0916a83b0d4,corporation_employment_tenure_director,people_employment_tenure_director_of,2014-10-21, ,董事会秘书,3098600,3da7b788-4155-707e-b386-54537133cc4c
20eb81d3-58ea-eb17-23ed-d0916a83b0d4,corporation_employment_tenure_senior_executive,people_employment_tenure_senior_executive_of,2016-08-11, ,副行长, ,d51a7088-88b5-757a-84cd-63ce37cc1ccb
20eb81d3-58ea-eb17-23ed-d0916a83b0d4,corporation_employment_tenure_senior_executive,people_employment_tenure_senior_executive_of,2011-08-17, ,副行长,3141000,a501cdf5-44b8-e487-2bea-f9ff39c02925
20eb81d3-58ea-eb17-23ed-d0916a83b0d4,corporation_employment_tenure_director,people_employment_tenure_director_of,2016-11-07,2019-11-06,执行董事,5208100,f38b83c4-fefc-6b21-e808-3fed10a10afb
20eb81d3-58ea-eb17-23ed-d0916a83b0d4,corporation_employment_tenure_director,people_employment_tenure_director_of,2014-01-21,2016-11-06,执行董事,5208100,f38b83c4-fefc-6b21-e808-3fed10a10afb
20eb81d3-58ea-eb17-23ed-d0916a83b0d4,corporation_employment_tenure_director,people_employment_tenure_director_of,2010-12-23,2014-01-20,执行董事,5208100,f38b83c4-fefc-6b21-e808-3fed10a10afb
20eb81d3-58ea-eb17-23ed-d0916a83b0d4,corporation_employment_tenure_director,people_employment_tenure_director_of,2007-12-19,2010-12-22,执行董事,5208100,f38b83c4-fefc-6b21-e808-3fed10a10afb
20eb81d3-58ea-eb17-23ed-d0916a83b0d4,corporation_employment_tenure_senior_executive,people_employment_tenure_senior_executive_of,2016-12-10, ,行长,5208100,f38b83c4-fefc-6b21-e808-3fed10a10afb
20eb81d3-58ea-eb17-23ed-d0916a83b0d4,corporation_employment_tenure_senior_executive,people_employment_tenure_senior_executive_of,2006-03-30,2016-10-20,副行长,5208100,f38b83c4-fefc-6b21-e808-3fed10a10afb
