id,type_object_name,people_person_gender,people_person_date_of_birth,education_education_degree,people_person_nationality,type_object_description
e048baf9-ccf8-8215-e688-a31fafedc1fd,罗龙,男,1956,博士,中国,罗龙，男，1956年出生，中国国籍，经济学博士。曾任中国社会科学院工业经济研究所助理研究员，世界银行驻中国代表处业务专员，对外经济贸易大学讲师，国务院发展研究中心研究人员，对外经济贸易大学副研究员、研究室主任，广西南宁市副市长，广西壮族自治区人民政府发展研究中心副主任，宏利金融全球助理副总裁兼驻华首席代表，现任美国亚富兴业有限公司董事总经理。
58a41da2-e400-00bd-ea70-999acf7be8f3,李兆良,男,1965,硕士研究生,中国,李兆良，男，浙江温岭人，1965年出生，硕士学历，经济师，现任广东华瀚律师事务所主任、合伙人，10年执业律师经验，曾任职于中国平安保险公司，在保险、金融、投资、海事、房地产证券等领域的诉讼及非诉讼方面，有丰富的法律理论研究及实践经验。
09f0825e-4a25-5fc3-ebe1-aad9cf20d4ee,王魁芝,女,1938-12, ,中国,王魁芝，女，辽宁人，1938年12月出生，中共党员，高级经济师，1962年参加工作，1998年11月退休，退休前曾任中国人民保险公司深圳分公司党组副书记、常务副总经理。从事金融工作多年，先后在韶关市人民银行及韶关保险公司历任主任、副科长、副经理等职。历任三届深圳发展银行监事会副主席。
0fd6b781-5e9e-c085-882d-7eadb40a24e1,黄守岩,男, , ,中国, 
ea417d0a-4fe3-b870-4fdb-e96e3cce967f,吴正章,男, , ,中国, 
f8e52092-4582-720d-2569-2184ff52c6f6,仇卫平,男,1960-08,本科,中国,仇卫平，男，1960年8月出生，汉族，浙江乐清人，中共党员，经济师，中央财经大学金融专业本科毕业，学士学位，浙江大学德语培训中心两年学习毕业。曾任中国人民银行浙江省分行信贷审查员，工商银行浙江省分行信托投资公司国际结算员、业务部主任，工商银行浙江省分行国际业务部科长，1992年7月调入深圳发展银行，先后担任深圳发展银行上步支行信贷部主任，总行信贷部室副主任级审批员，布吉支行副行长（主持工作），发展大厦支行行长，总行国际业务部、离岸部总经理，华侨城支行行长，总行批发业务部、公司业务部总经理，南京分行行长，2005年3月至今担任上海分行行长。
5c155c85-734d-d88c-29c2-78525831afd9,叶淑虹,女, , , , 
856ec898-957d-5e94-8f89-072d2bb6be2c,肖耿,男,1963,博士,中国,肖耿先生，股东代表监事候选人，1963年出生，经济学博士，现任清华-布鲁金斯公共政策研究中心主任及美国布鲁金斯学会资深研究员，同时担任2007年由美国哥伦比亚大学及麦克阿瑟基金会发起的“国际发展专业人员教育委员会”的委员。肖耿博士在香港大学自1992年开始任教15年，1996年获聘终身教授，还是香港大学中国与全球发展研究所的创始人之一并任副所长。除在港大任教外，肖耿博士曾任世界银行、联合国开发署顾问及哈佛国际发展研究院访问学者及联席研究员。从2000年到2003年，肖耿就职于香港证监会并任顾问及研究部主任。肖耿博士的研究领域集中在中国企业改革、香港与中国大陆资本市场发展、及中国宏观与汇率政策。除了许多学术著作外，肖博士也在《财经杂志》、《南方周末》、《亚洲华尔街日报》、《远东经济评论》等公共政策研究报刊发表文章。
b2a4e69e-bb96-e756-5848-8cebd6edbee0,康典,男,1948,硕士研究生,中国,康典先生，中国国籍（香港永久居民），康典先生自2009年12月28日起担任新华人寿保险股份有限公司董事长、执行董事，并自2010年1月起兼任资产管理公司董事长。在加入新华人寿保险股份有限公司之前，康先生曾担任深圳发展银行股份有限公司监事会主席、时瑞投资管理有限公司董事长、香港粤海企业（集团）有限公司董事和副总经理、粤海金融控股公司董事长及粤海证券有限公司董事长、中国包装总公司副总经理、中国农村信托投资公司副总经理等职。康先生现兼任银建国际实业有限公司独立非执行董事。康先生于1982年毕业于北京钢铁学院，并于1984年获得中国社会科学院研究生院经济学硕士学位。
544f9352-90d9-55b3-d86d-783439eb5202,马黎民,男, , , , 
867487bf-420b-9cf8-fa41-8b266c3de5f6,矫吉生,男, , , , 
67f94ea2-d0ff-d2b2-03d7-d3a53bc696bc,管维立,男,1943-01,本科,中国,管维立，男，1943年1月出生，美国东北大学（Northeastern）工商管理硕士，中国注册资产评估师。北京百慧勤投资管理公司董事长，兼任中国国有资产管理学会常务理事，中国土地估价师协会顾问，中国国际经济贸易仲裁委员会证券业仲裁员。同时担任东风汽车、华北制药股份有限公司独立董事，深圳发展银行外部监事，美国宾州大学沃顿管理学院亚洲执行董事会执行董事，北京工业大学兼职教授。曾任北京工业大学讲师、系主任、副教授，中国国有资产管理局企业司处长、副司长、司长，北京中企华资产评估公司名誉董事长，美国通用电器金融公司（GECapital）亚太区副总裁，中华企业咨询有限公司副总裁、总裁，亚洲开发银行《加强中国资本市场监管体系》技术援助项目（中国证监会执行）专家组组长，北京市政府汽车工业顾问组顾问，东风汽车公司顾问，中国信达资产管理公司专家咨询委员会委员，兖州煤业、天津创业环保、东北输变电、中纺投资、科大创新、上海莱织华独立董事。
ac1325b2-cc6a-9fd7-c862-9719d9eb9d2a,王毅,男,1975,硕士研究生, ,王毅先生，1975年出生，国际法学硕士，现任平安银行成都分行副行长兼信贷执行官。2010年12月至2014年1月，任平安银行第七届监事会职工监事。曾任深圳发展银行风险管理部支行部门副经理、综合室副经理，信贷管理部信贷政策与组合管理室经理、信贷监测与预警室经理、总经理助理，信贷管理部副总经理；平安银行风险管理部副总经理。
ef6745f0-0893-1f8e-ea55-2166cf38560b,曹立新,男,1968,本科, ,曹立新先生，1968年出生，自动控制专业学士。现任平安银行惠州分行行长。曾任哈尔滨工行太平桥支行会计员、会计科副科长、会计结算部经理，深圳发展银行会计出纳部部室副经理，青岛分行财会部临时负责人、副总经理（主持工作）兼青岛经济技术开发区支行负责人、财会部总经理，总行会计结算部总经理助理、副总经理、平安银行深圳分行运营执行官。
8033a938-c233-dba8-d7c3-70b9011eee8f,肖立荣,女,1962,硕士研究生, ,肖立荣女士，1962年出生，经济学硕士，现任华润集团财务部会计总监。2010年12月至2014年1月，任平安银行第七届监事会外部监事。曾任江西财经学院财会系教师；深圳国际信托投资公司资金财务部会计师、副科长、总经理助理、副总经理、总经理；华润深国投信托有限公司财务总监兼董事会秘书。
0b19bc9b-7276-9d26-ff47-b10d653d0757,罗康平,男,1954,硕士研究生,中国,罗康平先生，1954年出生，理学（经济学）硕士，现任NumsightAsiaLimited总裁。2010年12月至2014年1月，任平安银行第七届监事会外部监事。曾任中电集团经济师；香港上海汇丰银行总部战略规划执行官、管理会计、财务控制管理信息系统经理、财务控制部经理、零售银行区域经理、零售风险管理经理、区域经理、特别项目营销经理、区域高管、抵押业务主管、银行服务主管；中国银行（香港）零售银行总经理；香港信和集团租赁及特殊项目总经理、联席董事。
30ce3795-ddba-9438-ad1f-da16ccc829b1,王聪,男,1958,博士, ,王聪先生，外部监事，监事会审计与监督委员会委员。1958年出生，经济学博士，教授，博士生导师，广东省特聘教授（珠江学者），高级访问学者，金融学国家重点学科带头人和产业经济学国家重点学科带头人。王聪先生曾在中国人民解放军35427部队、中国人民银行贵州省分行任职，曾任贵州财经学院金融系助教、讲师，暨南大学金融系主任、国际学院副院长，并曾兼任广东粤财信托投资公司和江门融合农村商业银行独立董事。
5186ec1d-d663-c718-650a-fd2e8d17b0eb,王岚,女,1970,硕士研究生, ,王岚女士，1970年出生，工商管理硕士。现任平安银行财务企划部副总经理。曾任深圳发展银行国际业务部会计室副主任，会计出纳部室副经理、综合室经理，计划财会部综合室经理，财务信息与资产负债管理部室经理、总经理助理、副总经理。
85225987-1398-6f47-b1ea-f7788aeaadec,甘煜,男, , , ,甘煜：现任平安银行股份有限公司职工监事。
dc567859-a140-2994-b930-f34848cba93a,骆向东,男,1953,硕士研究生, ,骆向东先生，外部监事候选人。1953年出生，经济学硕士，高级经济师。2014年1月至今，任平安银行外部监事。骆向东先生曾任广州市第69中学教师，广州中医药大学马列室经济学教师，广东省政府特区办公室正科干部，广发银行总行办公室主任、发展部总经理，广发银行深圳分行常务副行长、纪委书记，广发银行总行督导，并曾兼任深圳航空公司董事、威豹金融押运公司董事。在广发银行工作期间，曾分管信贷、财务、风险、运营等业务。
c8f900bb-8e9c-0eb1-1c78-a5137c13e5b1,王群,男, , , ,王群：现任平安银行股份有限公司职工监事。
33ef10e3-4fb4-d636-51f7-6323067caec7,邱伟,男,1962,博士,中国,邱伟先生，监事长，职工监事。1962年出生，经济金融学博士，高级经济师。现任平安银行监事长、党委副书记、纪委书记。邱伟先生曾任中国人民银行四川省泸州分行副科长，科长；深圳发展银行总行办公室综合室主任，支行副行长，总行人力部总经理助理；广东发展银行深圳分行办公室主任，分行行长助理，副行长，行长、党委书记；深圳国际信托投资公司总裁、党委副书记；深圳市商业银行监事长、党委副书记、纪委书记；原平安银行监事长、党委副书记、纪委书记、工会主席；深圳发展银行监事长、纪委书记。
7ac261bd-578e-c76f-7d85-e6fff15f76d3,周建国,男,1955,硕士研究生,中国,周建国先生，外部监事候选人。1955年出生，经济学硕士，正高级会计师职称。现任深圳经济特区房地产（集团）股份有限公司董事长、党委书记。2014年1月至今，任平安银行外部监事。周先生曾任江西财经大学财务教研室负责人、会计系副主任、成教处处长；深圳中旅信实业有限公司副总经理；深圳市商贸投资控股公司审计部长、计财部部长、总裁助理，其间兼任深圳市商控实业有限公司董事长、党委书记；深圳市投资控股有限公司计财部部长、副总经理。
37923970-9573-3a81-8cbf-9a5e582b359d,许季才,男,1931, , ,许季才，男，1931年生，中国籍，广东湛江人，高级经济师，湖北大学经济系毕业，1960年到1985年期间历任农业银行湖北省分行科长、办公室副主任；农村金融研究所负责人；1985年到1995年期间历任农业银行深圳市分行办公室主任、总稽核、副行长；深圳证券结算有限公司董事长；南方证券深圳分公司董事长；1995年8月起任深圳发展银行董事长，1999年02月离任。
23abff7c-fcc6-2337-a9f7-9b1143f05811,车国宝,男,1949,本科,中国,车国宝先生，1949年出生，建筑机械专业学士。现任深圳市盈中泰投资有限公司股东、法定代表人、董事长。2010年12月至今，任平安银行（原深圳发展银行）股东监事。车先生曾任北京建筑轻钢结构厂副厂长；招商局蛇口工业区第三期培训班学员班长；深圳市蛇口区管理局副局长、党委书记；深圳市人民政府体制改革办公室干部；招商局蛇口工业区有限公司董事副总经理；招商局蛇口工业企业室主任；招商局蛇口港务公司总经理；招商局进出口公司总经理；招商局蛇口工业区技术职称评定委员会主任；广东省人民政府第十一办公室干部；深圳市悦商实业有限公司董事长。
0879be8d-ef0b-8fae-9495-cc5d5e1efc65,金式如,男,1943,本科,中国,金式如先生，浙江宁波人，大学本科学历，中学高级教师，上海师范学院物理系本科毕业。历任上海市闸北区中学教员、教导主任、副校长，并曾任职于深圳市教科所，为深圳发展银行第二至五届董事会董事。现任深圳实验学校校长，深圳实验教育集团管理委员会主任。
1c3b25d9-3e8b-c2de-5eca-7a648aa8deeb,徐进,男,1966-09,博士,中国,徐进先生:1966年出生，安徽大学法学学士、中国政法大学法学硕士、北京大学法学博士肄业，具有律师、国家执业法律顾问、高级经济师等任职资格。现任深圳发展银行董事会秘书兼首席法律事务执行官。1989年9月至1990年7月在北京市丰台区检察院工作。1995年8月进入深圳发展银行工作，历任总行信贷部总经理助理、总行信贷部副总经理、总行资产保全部副总经理、深圳地区特殊资产管理中心主任等职。2003年6月任总行法律事务部总经理。2005年1月至2005年5月任深圳发展银行第五届监事会员工监事。2005年5月至2009年8月任深圳发展银行董事会秘书兼法律事务部总经理。2009年8月起，任深圳发展银行董事会秘书兼首席法律事务执行官。
acfde430-16da-6bd2-562a-7ea4e56a9675,郝珠江,男,1953,本科, ,郝珠江，1953年出生，获西南政法学院学士学位，原深圳市法制局局长、党组书记，深圳市人民政府复议办公室主任、市人民政府法律顾问室主任，2001年退休，现任北京地平线律师事务所深圳分所合伙人、律师。2008年5月至今出任深圳赤湾港航股份有限公司独立董事。
cb2aefbc-b736-fa33-d3d0-3215d0880d96,郝建平,男, , ,中国, 
a36a7cd3-e7fe-8b32-00c1-79fa7d9bdfb8,李新芳,男,1952,本科,中国,李新芳先生，河南西华人，大学本科学历，哈尔滨建筑工程学院毕业。历任深圳00019部队副股长，深圳市第一建筑工程公司科长、副经理，深圳市建设集团公司总经理助理、副总经理，建设投资控股公司董事、副总裁，深圳市城建开发(集团)公司总经理，深圳发展银行第四届、第五届董事会董事。现任深圳市城市建设开发(集团)公司董事长、党委书记
d18b2311-c050-2b7d-afb4-a6069a8905cc,蓝德彰,男,1943,博士,美国,蓝德彰（JohnDexterLanglois）先生，美国国籍普林斯顿大学东亚研究系博士，纽约大学MBA。1973年至1982年任美国缅因州布兰斯维克郡的波顿大学历史系准教授兼系主任，1982年至1999年任JP摩根银行副总裁，JP摩根银行亚太区房地产部主席、董事总经理，JP摩根银行中国业务主席，JP摩根银行北京代表处首席代表，1999年至2001年任普林斯顿大学东亚研究系访问教授，2002年9月至2006年4月任摩根士丹利资产服务咨询（中国）有限公司主席，2006年4月至2008年3月任CountrywideCapitalMarketsAsiaLimited董事总经理，2008年3月至今任蓝明（北京）投资咨询有限公司主席。还曾于2000年至2004年任上海银行董事，2003年至2004年任南京市商业银行董事，2005年1月至2006年6月历任深圳发展银行非执行董事长和董事，2007年1月至2008年9月任中信银行股份有限公司独立董事。2009年1月至今任中国农业银行股份有限公司独立董事。
3eaa956c-6405-3ce4-70b8-fe68ee1ff304,欧巍,男,1968-10,硕士(MBA), ,欧巍先生，现任新桥董事总经理，主要负责新桥在中国大陆、香港及台湾的投资活动。在1995年加盟新桥以前，他曾任职美国信孚银行(BankersTrust)香港分行及国际策略研究公司A.T.Kearney。欧巍先生获加拿大康考迪亚大学经济学学士学位并加拿大麦基尔大学工商管理硕士学位。
83c72289-b978-d1ee-d1c6-9c7fde12867b,钱本源,男,1944,硕士研究生,中国,钱本源先生，硕士研究生学历，高级经济师。历任贵州都匀八九一厂秘书，电子工业部六所翻译，中国电子进出口总公司业务员、副处长、驻美机构总经理、总公司总裁办主任、副总裁、代总裁。现任中国电子进出口总公司总裁、深圳中电投资股份有限公司董事长。目前兼任中国机电产品进出口商会副会长、中国国有资产管理学会常务理事、国际商会中国国家委员会董事、中国许可证贸易工作者协会理事、中国惠普有限公司董事长、英国富地石油有限公司董事长、安捷伦科技有限公司副董事长等职务。
4d18ec82-cba7-2109-1cfa-40de7ea65818,孙昌基,男,1942,本科,中国,孙昌基先生，1942年出生，自2009年5月起担任中国人寿保险股份有限公司独立董事。孙昌基先生于1968年1月进入四川东方汽轮机厂工作，历任科长、车间主任、副厂长、厂长等职务。1991年7月调任机械工业部生产司副司长，1993年4月任国家机械工业部副部长。1998年4月任国家机械工业局常务副局长（副部长级）。1999年1月起任中国银行党委副书记、副行长（副部长级）。1999年9月至2001年8月兼任中国东方资产管理公司总裁。2000年11月起任中国银行副董事长，2001年9月起兼任中银香港副董事长，并于2003年6月起兼任中国银行纪委书记。自2004年8月起专任中银香港副董事长，兼任中国机械工业联合会副会长。孙先生于1966年9月毕业于清华大学，系研究员级高级工程师。
fbf74589-2c5e-be6e-c48f-95bb856efab3,郑学定,男,1963-06,硕士研究生,中国,郑学定先生，中国国籍，无境外居留权，1963年出生，经济学硕士。曾任深圳市注册会计师协会副秘书长、秘书长等职。现任本公司独立董事、深圳开元信德会计师事务所合伙人，深圳市盐田港股份有限公司独立董事、国信证券公司独立董事、国都证券公司独立董事。
f563f768-1dd9-6b3e-a5d9-fa10565f3719,张桐以,男, ,硕士(MBA),中国,张桐以（JustinChang）先生，现居香港，是德州太平洋投资集团和新桥投资的合伙人之一。在1993年加入德州太平洋投资集团之前，张桐以先生曾供职于纽约WassersteinPerella&Co.，Inc.。张桐以先生曾在哈佛大学商学院获得工商管理硕士学位，在耶鲁大学获得经济学和政治科学学士学位，成绩优异。张桐以先生现任OnSemiconductor董事，并任联想集团（LenovoGroup）的替代董事。张桐以先生曾任BeringerWineEstates、CrystalDecisions和SilveradoPremiumProperties董事。张桐以先生亦任职于旧金山BayAreaDiscoveryMuseum理事会，以及耶鲁大学发展委员会、耶鲁大学资金募集执行委员会。
64960578-489e-d44b-a331-0c94227b7914,袁成第,男,1945,本科,中国,袁成第先生，1945年生，学士学位，副教授。历任云南曲靖地区公安局科员、西南政法大学国际教研室主任、深圳市中级人民法院涉外经济庭庭长、党组成员、深圳仲裁委员会副主任、专家咨询委员会主任；中国国际私法学会常务理事、中国国际经济贸易仲裁委员会仲裁员；现任深圳仲裁委员会专家咨询委员会主任、北京地平线律师事务所律师；2006年3月至今担任本公司独立董事。
74dfb906-e310-0a1d-a50c-a2ac4c6f2aa0,采振祥,男,1957,博士,中国,采振祥先生，湖南安乡人，工学博士学历，副研究员，1989年毕业于清华大学。1974年参加工作，历任深圳大学新能源设计研究所副所长、深圳大学电教中心主任、深圳大学产业处处长、万国软件开发(深圳)有限公司董事长、深圳大学科研处处长，为深圳发展银行第四届、第五届董事会董事。现任深圳大学资产设备处处长。
e0e09158-418b-7418-74fb-108caf84f8b5,周俊,男,1960,博士,中国,周俊先生，经济学博士，高级经济师。曾任职于中国建设银行浙江省分行、交通银行深圳分行，现任职于海通证券股份有限公司。
52f936f2-2ce0-9d7c-9722-8331951db015,约翰奥尔茨,男,1944, ,美国,约翰奥尔茨先生，现为新桥高级顾问。他于1998年8月至2001年1月担任新加坡发展银行首席执行官并于1998年8月至2001年5月担任副主席。约翰奥尔茨先生拥有35年职业银行家的经验，而其中24年服务于JP摩根银行。
c2f7cf94-bda4-1acb-d887-1a0b2cce1e14,戴德时,男,1957, ,美国,戴德时（TimothyDavidDattels）先生，戴先生1980年至1990年任职于第一波士顿公司，1990年加入高盛公司，1996年获选为合伙人，1996年至2000年担任高盛公司日本以外所有亚洲国家投资银行主管，2001年至2003年担任高盛公司MenloPark办事处主管及公司技术营运委员会成员。戴先生于2003年1月退任高盛合伙人和董事总经理。现任德克萨斯太平洋资本集团
be59ee40-569a-7b50-77fb-8b19179015f7,米高奥汉仑,男,1955,硕士(MBA),美国,米高奥汉仑（MichaelO’Hanlon）先生，独立董事候选人，1955年出生，1977年于圣罗撒书院（TheCollegeofSt.Rose）获工商管理学士学位，1979年于纽约州立大学奥尔巴尼分校（StateUniversityofNewYorkatAlbany）获工商管理硕士学位（金融与会计方向）。现任MarathonAssetManagement，LLC金融机构部高级董事总经理。奥汉仑先生于1999年至2005年曾任日本雷曼兄弟财务赞助与重组部门负责人。此前，他自1980年起历任雷曼兄弟按揭金融部门负责人，房地产与按揭产业部门负责人，全球金融机构部门负责人。1979年到1980年，奥汉仑先生曾任职于美国华盛顿政府财政制度研究中心。2004年12月至今，任深圳发展银行第六届董事会独立董事。
d1cd1fec-940d-a0b1-300f-29a27590f0ac,单伟建,男,1953-10,博士,中国,单伟建先生，其他董事候选人，1953年出生，早年毕业于北京外贸学院，美国旧金山大学工商管理硕士，美国加州大学（伯克利）经济学硕士和博士。现任美国德太投资有限公司（前称新桥投资）执行合伙人。单伟建先生于1993年至1998年间任职摩根大通，担任该行董事总经理及中国区代表；曾任教于美国宾夕法尼亚大学沃顿商学院；也曾担任位于美国华盛顿特区的世界银行的投资官员。2005年6月至今，任深圳发展银行第六届董事会董事。
690ceca6-89b7-28eb-a378-8fc8a1259883,陈武朝,男,1970,博士,中国,陈武朝，男，出生于1970年1月，毕业于清华大学经济管理学院，获博士学位。曾任中华会计师事务所审计项目经理，注册会计师。现任清华大学会计研究所副教授、积成电子股份有限公司独立董事、国都证券有限责任公司独立董事、北京神州绿盟信息安全科技股份有限公司独立董事、北京海兰信数据科技股份有限公司独立董事。
8e53c1a1-9894-154b-c449-be827e4b7e7f,马雪征,女,1952,本科,中国,马雪征女士，其他董事候选人，1952年出生，1976年毕业于首都师范大学，其后曾赴英国伦敦大学的King’sCollege进修。马女士在财务及行政管理方面拥有超过27年经验，现任美国德太投资有限公司（前称新桥投资）合伙人兼董事总经理。亦担任渣打银行（香港）有限公司的独立非执行董事，联想集团董事会非执行副主席。马雪征女士曾任联想集团有限公司高级副总裁及首席财务官。她于1990年加入该集团，1997年获委任为执行董事。在加入联想集团前，马女士任职于中国科学院。除负责管理由中国及欧洲共同合作发展的科技研究项目外，亦负责世界银行给予中国科研借贷项目的行政管理及联系工作。马女士于2000年成为香港董事学会会员。现亦为哈佛大学肯尼迪政府学院院长委员会委员。马女士于2002年获选香港杰出女企业家。先后于2002年及2006年获《FinanceAsia》杂志选为最佳财务总监，并获《Asiamoney》杂志选为2005年中国杰出行政管理人员。
fd498db6-7f22-89e8-3195-33730961aa97,罗世礼,男,1962,博士, ,罗世礼先生，1962年出生，获得英国剑桥大学计算机科学博士学位。罗先生自2007年1月和2006年2月起分别出任中国平安保险（集团）股份有限公司副总经理和首席信息执行官至今，并自2008年8月起任平安科技（深圳）有限公司董事长兼首席执行官。于2002年6月加入中国平安，2006年2月到2007年1月任公司总经理助理，2003年10月到2006年2月任公司信息总监，2002年到2008年期间，先后担任公司数据中心总经理、信息管理中心总经理。2001年到2002年，任公司系统开发中心高级顾问。1993年到2001年，罗先生先后在剑桥大学任研究员、在Olivetti研究实验室任研究员工程师、在Olivetti&Oracle研究实验室任高级研究员、在AT&T剑桥实验室任高级研究员。
af542b22-dd3b-c9f9-825c-476c3230a3ca,法兰克纽曼,男,1942-04-20,本科,美国,法兰克纽曼（FrankN.Newman）先生，执行董事候选人，1942年出生，1963年以优异成绩毕业于哈佛大学，获经济学学士学位。2005年5月至今任深圳发展银行第六届董事会代理董事长、董事长兼首席执行官。兼任道琼斯公司（DowJones&Company）审计委员会副主席以及薪酬委员会委员。法兰克纽曼先生早前担任过美国富国银行（WellsFargoBank）的执行副总裁和首席财务官。1986年，纽曼先生加入美洲银行集团（BankAmericaCorporation），担任董事局副主席和首席财务官。1993年至1995年任美国财政部副部长，是财政部的第二号官员，代表财政部行使了一系列的职能，被授予了美国财政部的最高荣誉奖项亚历山大汉密尔顿奖（AlexanderHamiltonAward）。1995年下半年，纽曼先生加入美国最大的银行之一信孚集团，担任董事局高级副主席，并于1996年晋升为总裁、董事局主席和首席执行官。他领导扭转信孚银行的困局，银行实现了盈利，拥有20，000名员工并在全球20多个国家设立了分支机构。纽曼先生成功领导了德意志银行对美国信孚银行的收购谈判。法兰克纽曼先生由深圳发展银行2004年第一次临时股东大会选举为第六届董事会独立董事，2005年由股东大会选举为非独立董事，经第六届董事会第六次会议选举，担任深圳发展银行第六届董事会董事长兼首席执行官。
84937af7-bed7-1d8a-7d56-330bde6d52c4,罗伯特·巴内姆,男,1945,硕士研究生,中国,罗伯特·巴内姆（RobertT.Barnum）先生，独立董事候选人，1945年出生，1967年获伊利诺依大学数学学士学位，1969年获印第安纳大学工商管理硕士学位（金融学方向）。自1997年至今在美国加州的PokerFlatsInvestors任职，并任AmeriquestMortgage董事、审计委员会主席，任RealEstateAffiliatedLogistics董事。他是一位积极的房地产投资者，对房产和土地都有所投资。1989年到1997年，罗伯特巴内姆先生先后任美国储蓄银行（AmericanSavingsBank）首席财务官，总裁兼首席运营官。美国储蓄银行1997年被华盛顿共同银行（WashingtonMutual）收购，曾是美国最成功的储蓄银行之一，也是美国政府在拯救储蓄银行中最成功的案例。此前，曾任FirstNationwideBank首席财务官（后并入花旗集团）；任Krupp集团首席财务官，这是一家房地产和金融服务控股公司；任联邦国民住房抵押贷款协会（FNMA，房利美）副总裁，这是美国最大的住房抵押贷款机构。罗伯特巴内姆先生曾在多家公司担任董事：韩国第一银行（KoreaFirstBank）董事会主席，Westcorp董事、审计委员会主席，AmericanMortgageNetwork董事、审计委员会主席，以及全国再保险公司（NationalRe）、美国储蓄银行、HarborsideHealthcare、CenterTrustREIT和BerkshireMortgage董事。2007年6月至今，任深圳发展银行第六届董事会独立董事。
99da663e-4913-9e99-d494-8701aadca575,刘伟琪,男,1970,本科,中国,刘伟琪先生，其他董事候选人，1970年出生，1992年以总成绩第4名毕业于加拿大英属哥伦比亚大学商学院，并从2000年起担任该校校友会委员。刘先生持有美国注册金融分析师（CFA）资格。现任美国德太投资有限公司（前称新桥投资）董事总经理。刘伟琪先生于1998年加入德太，并作为主要成员参与了德太其后在中国的全部投资项目，包括深圳发展银行、联想集团等。刘先生于1993年加入亚洲主要基础设施开发商合和实业有限公司，负责企业及项目融资工作，领导完成了若干在中国、印度和泰国的电力与公共交通项目的投融资交易。
baa34f01-f17f-b6f6-cf64-bdbbb99a8a17,谢国忠,男,1960,博士,中国,谢国忠先生，独立董事候选人，1960年出生，毕业于同济大学路桥系，于1987年获麻省理工学院颁发土木工程学硕士，并于1990年获同一学府颁发经济学博士。现为独立经济学家和金融投资顾问。谢国忠先生是摩根士丹利的原董事总经理及亚太区经济首席分析家。谢先生于1997年加入摩根士丹利。机构投资者杂志在2001-2005选谢国忠博士为亚洲最佳经济学家。世界经济论坛和中央电视台在2003年选谢国忠博士为十大未来领袖。在此之前，他于新加坡的MacquarieBank工作了2年，职位为企业财务部的联席董事。他开创了银行在东南亚的业务。在加入MacquarieBank之前，谢先生通过年轻专业人计划加入世界银行，担任经济分析员，并于该银行工作了5年，于世界银行服务期间，谢先生负责处理该银行于印度尼西亚的工商业发展项目，以及其它亚太地区国家的电讯及电力发展项目。
d7f79fd6-a5cd-3674-d137-3a3c2554de2f,唐开罗,男,1960,硕士(MBA),美国,唐开罗（DanielA.Carroll）先生，其他董事候选人，1960年出生，美国哈佛大学经济学学士，美国斯坦福大学管理学院工商管理硕士。现任美国德太投资有限公司（前称新桥投资）执行合伙人。唐开罗先生于1995年加盟新桥。在1995年以前，曾为Hambrecht&QuistGroup服务了九年时间。此前唐开罗先生亦曾任职美国摩根斯坦利投资银行。2004年12月至今，任深圳发展银行第六届董事会董事。
5da5051a-19f8-1646-0af0-d19f52860c2d,刘宝瑞,男,1957,硕士研究生,中国,刘宝瑞先生，执行董事候选人，1957年出生，1986年12月毕业于天津师范大学行政管理专业，1998年5月毕业于天津财经学院货币银行学研究生班，2003年3月至2005年4月就读上海交通大学安泰管理学院高级管理人员工商管理硕士（EMBA），硕士研究生，高级经济师，中共党员。现任深圳发展银行副行长、党委副书记。兼任中国银联监事会监事。1974年8月至1981年4月，在中国人民银行、中国农业银行天津宝坻支行工作。1981年5月至1998年8月，在中国农业银行天津分行工作，历任人事处干部、副处长；国际业务部副总经理、总经理，天津港保税区分行行长；资金计划处处长。1998年8月至2000年3月，任深圳发展银行行长助理、党委委员；2000年3月至今，任深圳发展银行副行长、党委副书记。
79b52ffd-d76b-e9ae-2c0e-79d67007af7b,汤敏,男, , , , 
cc1a0de5-534e-efea-d828-ae538b02a61c,夏冬林,男,1961,博士,中国,夏冬林先生，1961年出生，经济学（会计学）博士学位，现任清华大学经济管理学院副院长、会计学教授、博士生导师。2010年12月至2014年1月，任平安银行（原深圳发展银行）第八届董事会独立董事。1984年7月于江西财经大学会计系获经济学（会计学）学士学位，1990年7月于财政部财政科学研究所获经济学（会计学）硕士学位，1994年7月于财政部财政科学研究所获经济学（会计学）博士学位。2000年7月于哈佛商学院CPCL项目结业。先后在宾夕法尼亚大学沃顿商学院（WhartonSchool）、香港理工大学会计系访问学者、新南威尔士大学、麻省理工学院斯隆管理学院作访问学者。1995年3月起在清华大学经济管理学院任教，此前还曾先后任职于江西财经大学会计系和中华财务会计咨询公司。
af444dba-5775-ebbf-d65a-f7c6f6346ed5,刘雪樵,男,1951,博士,中国,刘雪樵先生，1951年出生，经济学博士，2011年起任鹏睿中国金融咨询有限公司（PromontoryFinancialGroup）董事总经理。2011年5月至2014年1月，任平安银行（原深圳发展银行）第八届董事会独立董事。1979年毕业于美国加州州立大学，获传理系学士学位；1986年毕业于美国加州州立大学，获经济学硕士学位；2004年毕业于澳大利亚南澳洲大学，获经济学博士学位。于1985年至1994年任美国财政部储蓄银行监理署主要银行监管部高级银行检察员，1994年被美国财政部储蓄银行监理署评为资本市场专家。1994年受邀回港担任金管局的高级经理，设立该局的衍生工具小组；于1999年提升为银行政策处处长；于2000年至2002年担任金管局驻纽约首席代表；2002年回港担任银行监理部处长，监管本地银行、欧洲银行以及中资银行。2004年加入大新银行，担任执行董事，主管银行的风险管理部，及后担任替换行政总裁；2007年委任为大新银行集团董事，负责银行集团的各类风险管理。拥有特许财务分析师资格（CFA），曾任全球风险管理专业人士协会董事会成员、香港城市大学金融经济系顾问委员会成员及主席。
92b82040-07ec-3950-2a86-0200f2eefe60,段永宽,男,1949,博士,中国,段永宽先生，1949年出生，安徽财经大学经济学学士、西南财经大学经济学博士，高级经济师。2010年12月至2014年1月，任平安银行（原深圳发展银行）第八届董事会独立董事。1982年1月至1983年，在安徽省政府财贸办公室调研处从事财经政策调研；1983年至1984年，任安徽省政府办公厅秘书。1984年至1985年，任中国银行合肥分行（中国银行安徽省分行）国际结算处处长；1985年至1992年12月，任中国银行安徽省分行副行长、党委副书记；1992年12月至1997年10月，任香港中银集团南洋商业银行董事副总经理；1997年10月至2000年1月，任中国银行安徽省分行行长、党委书记；2000年1月至2006年5月，任中国银行浙江省分行行长、党委书记；2006年5月至2009年11月，任中国银行深圳分行行长、党委书记。
4d5c8aa9-8ca9-a202-8881-7d27589c6762,陈瑛明,男,1964-02,硕士研究生,中国,陈瑛明先生，1964年出生，法学硕士，瑛明律师事务所合伙人。2011年5月至2014年1月，任平安银行（原深圳发展银行）第八届董事会独立董事。自1998年起担任瑛明律师事务所合伙人，曾于2005年1月至2007年4月连续担任中国证券监督管理委员会第七届和第八届发行审核委员会专职委员，2010年9月担任深圳证券交易所第六届上市委员会委员，自2012年开始任上海证券交易所第三届上市委员会委员。自2005年起连续三届担任上海市律师协会证券业务委员会主任。报告期内曾担任华泰证券股份有限公司、红星美凯龙家居集团股份有限公司和都邦保险股份有限公司独立董事职务，目前还担任上海棱光实业股份有限公司的独立董事职务。
ebd8f242-d02d-c191-b9fb-7ccc07c5e697,王开国,男,1958,博士,中国,王开国先生，1958年出生，获得经济学博士学位。现任海通证券股份有限公司董事长、党委书记。2006年6月至2014年1月，任平安银行（原深圳发展银行）董事。1990至1995年间先后担任国家国有资产管理局科研所应用室副主任、政策法规司政法处处长、科研所副所长等职。1995年调入海通证券公司，先后担任副总经理、总经理、董事长，现为海通证券股份有限公司董事长兼党委书记。还担任上海证券交易所理事、中国证券业协会副会长等职。
b1118968-d9d7-205f-da0d-520f371cd50e,顾敏,男,1974,本科,中国,顾敏先生，1974年出生，获得香港中文大学工商管理学士学位。自2012年6月出任中国平安常务副总经理至今。2010年6月至2014年1月，任平安银行（原深圳发展银行）董事。于2000年加入中国平安，历任平安电子商务高级副总裁、客户资源中心总经理、E服务行销中心总经理及寿险运营中心总经理、集团发展改革中心副主任。2004年2月至2008年3月，先后在中国平安全国后援管理中心和集团运营管理中心担任总经理、集团副首席服务及运营执行官等职。2008年3月至2009年10月与2009年10月至2012年6月，分别担任中国平安总经理助理和副总经理。2008年11月至2013年4月，担任平安渠道发展董事长兼CEO。2010年1月至2014年1月，担任平安数据科技董事长。此前，就职于麦肯锡公司任咨询顾问。
af6c8181-b123-b000-c0c3-618cb959fcc5,王利平,女,1956,硕士研究生,中国,王利平女士，1956年出生，获得南开大学货币银行学硕士学位，高级经济师。自2004年1月至2014年1月出任中国平安副总经理。2010年6月至2014年1月，任平安银行（原深圳发展银行）董事。于1989年6月加入中国平安，2009年6月至2012年6月出任中国平安执行董事，2006年7月至2007年1月兼任中国平安副首席保险业务执行官。2005年8月至2006年7月任平安养老保险股份有限公司董事长兼总经理。2002年至2004年任中国平安人寿保险股份有限公司董事长兼首席执行官。1998年至2002年，先后任中国平安总经理助理和副总经理。1995年至1997年，先后任中国平安寿险管理本部总经理和寿险协理。1994年至1995年，任中国平安证券部总经理。
0cd8a2b7-a417-c6a8-2793-377fe4bfbb4d,理查德·杰克逊,男,1956, ,英国,理查德·杰克逊（RichardJackson）先生，1956年出生，英国特许注册保险师协会会员。2010年6月至今，任深圳发展银行执行董事；2010年6月至10月，任深圳发展银行代理行长；2010年10月至今，任深圳发展银行行长。1974年到1985年，理查德·杰克逊先生就职于英国商联保险公司，在伦敦，香港，新加坡都任过职。1985年到2005年，就职于花旗银行，历任花旗集团国际保险公司国际业务主管、亚太区金融机构主管、花旗银行匈牙利分行主席兼首席执行官、波兰Handlowy银行董事、花旗银行零售部韩国总经理、韩美银行（KoramBank）董事。理查德·杰克逊先生于2005年10月加入中国平安，并自2006年12月至2010年5月任平安银行行长。
4e44faf8-45f4-6648-8d3a-221dfea3e2bb,卢迈,男,1947-03,硕士研究生,中国,卢迈先生，1947年出生，经济学学士、公共管理硕士学位，现任中国发展研究基金会秘书长。2010年12月至今，任平安银行（原深圳发展银行）独立董事。1986年至1989年，先后任国务院农村发展研究中心（农研中心）发展研究所市场研究室主任，农研中心联络室副主任，农研中心农村改革试验区办公室副主任、主任，国务院经济体制改革领导小组办公室成员，流通体制改革领导小组成员。1991年至1993年，美国哈佛大学国际发展研究所副研究员兼政府系副研究员。1995年起，任国务院发展研究中心研究员、国际合作局副局长等职。1998年，因研究工作贡献获政府特殊津贴。同年起至今，担任中国发展研究基金会副秘书长、秘书长。1999年，赴美国麻省理工大学担任访问学者。2010年，赴哥伦比亚大学Chazen国际商学院担任“LuluChowWang”高级访问学者。2002年至2003年，任国际劳工局全球化社会影响问题世界委员会成员，是该组织唯一的中国委员。此外，他还是中国财政学会第八届常务理事。2005年，领导完成的《中国人类发展报告2005》获联合国计划开发署“政策分析与影响奖”。2011年，国务院扶贫开发领导小组授予“全国扶贫开发先进个人”称号。
e3b5a911-f4b9-5a1c-f1bf-467d60d47809,肖遂宁,男,1948,大专,中国,肖遂宁先生，1948年出生，大专学历，高级经济师，中共党员。现任深圳发展银行执行董事、董事长。肖遂宁先生1968年9月参加工作，先后在云南水电公司、云南电力设计院担任主任工程师、副总经济师等职务，参加、主持4个科研项目，获昆明市重大科研成果一等奖、国家经委科技新品\"金龙奖\"等。1990年加入交通银行，历任重庆分行人事教育处处长、总经理助理、副行长，1995年11月起担任珠海分行行长，1999年12月至2007年2月任交通银行深圳分行行长。其间，主持并参加的\"资产负债信息管理系统\"项目获中国人民银行金融科技进步三等奖，\"银行自助服务中心\"项目获深圳市科学技术进步二等奖。2007年2月至2010年6月，担任深圳发展银行行长。2007年6月至今，任深圳发展银行董事。2010年6月至今，任深圳发展银行第七届董事会董事长。肖遂宁先生毕业于云南经济管理干部学院经济管理专业，并曾在美国伊利诺依大学商学院参加银行高级管理人员培训。
0f56706d-777a-85da-3d7f-860364e70cda,储一昀,男,1964,博士,中国,储一昀先生，外部监事候选人。1964年出生，会计学博士，现任上海财经大学会计学教授、博士生导师。储先生毕业于上海财经大学，现任上海财经大学会计学教授、博士生导师，财政部企业会计准则咨询委员会委员，公安部公安现役部队会（审）计系列高级专业技术资格评审委员会委员，中国会计学会会计教育分会执行秘书长，中国会计学会理事。兼任中国巨石股份有限公司、上海同济科技股份有限公司、泰豪科技股份有限公司和环旭电子股份有限公司独立董事。曾任平安银行（原深圳发展银行）和上海金枫酒业股份有限公司独立董事。
58f0ccd8-1338-6f8e-0bb0-8997c749d546,马林,男,1953-03,本科, ,马林先生，1953年出生，经济学学士。2011年5月至今，任平安银行（原深圳发展银行）独立董事。马先生于1982年毕业于北京财贸学院财政金融系财政学专业，并获得经济学学士学位。1982年8月至1984年8月，北京图书馆国际交换组干部；1984年8月至1988年7月，国家体改委调查研究组副主任科员；1988年7月至2010年11月，国家税务总局，先后任办公室综合处主任科员、税改司政策研究处副处长、税制改革与法规司税改处处长、政策法规司副司长、进出口税收管理司司长、所得税管理司司长。2010年11月退休。2012年至2014年，曾任昊天发展集团有限公司和英大国际信托有限责任公司独立董事。2012年至今，任河南双汇投资发展股份有限公司独立董事。
8b0c626e-e6aa-6f90-2709-5da236c36c82,刘南园,男,1949,本科,中国,刘南园先生，1949年出生，大学学历，高级经济师。2010年12月至今，任平安银行（原深圳发展银行）独立董事。1982年12月至1984年1月，任江西银行学校干部；1984年1月至1998年11月，历任中国人民银行江西省分行计划处干部、主任科员、副处长、处长，人事处处长，副行长；1998年11月至2003年7月，任中国人民银行上海分行党委委员、福州监管办特派员；2003年7月至2006年5月，任福建银监局党委书记、局长。2006年5月至2007年8月，任中国银行业监督管理委员会深圳监管局党委副书记、副局长；2007年8月至2009年5月任深圳银监局巡视员。2009年5月至2010年6月任深圳市国内银行同业公会副会长。2009年12月至2010年5月，任原平安银行独立非执行董事。
c0780dad-d7bb-d3d0-d37e-38ac0da2baaf,李敬和,男,1955,研究生,中国,李敬和先生，董事，董事会战略发展委员会委员。1955年出生，成都电讯工程学院电子材料专业毕业，工学学士学位，中国社会科学院研究生院企业管理专业研究生学历。2007年12月至今，任平安银行（原深圳发展银行）董事。1982年1月至2000年1月，历任中国电子进出口华南公司业务员，中国电子进出口华南公司珠海办事处副主任，中国电子进出口珠海公司副总经理、总经理。2000年2月至2011年7月，先后任深圳中电投资股份有限公司董事、副董事长、总经理、党委副书记、党委书记，2011年7月至2015年10月，任深圳中电投资股份有限公司副董事长、党委书记。2006年6月至2012年7月，任深圳华强实业股份有限公司独立董事。2010年10月至2013年7月，任中国电子产业工程有限公司董事、副总经理。李敬和先生兼任深圳市政协委员，深圳市进出口商会会长，广东省企业联合会、广东省企业家协会副会长，深圳市电子学会荣誉理事长，深圳市电子信息产业联合会名誉会长。
b4bf6b09-5d5c-7492-31d7-84e2c2fb7794,陈伟,女,1959,博士,中国,陈伟女士，1959年出生，管理学博士学位，高级经济师。1982年至1984年任职于中国人民银行北京市分行；1984年至1993年任中国人民银行深圳经济特区分行资金计划处干部、科长、副处长，金融管理处处长；1993年2月加入招商银行，曾任执行董事、副行长兼财务负责人。陈女士2007年4月至2010年5月任原平安银行股份有限公司常务副行长，自2007年9月至2010年5月兼任原平安银行执行董事。2011年12月至2012年6月兼任原平安银行非执行董事。2010年6月至今，任平安银行（原深圳发展银行）董事、副行长（其间，2010年6月至2013年4月，兼任平安银行首席财务官）。
c29983a3-a70e-a64d-d32b-55deb8700d83,杨如生,男,1968-02,硕士研究生,中国,杨如生先生，独立董事。1968年2月出生，暨南大学经济学硕士、中国注册会计师、中国注册税务师。2017年2月至今，任平安银行独立董事。现任瑞华会计师事务所合伙人兼深圳分所治理委员会委员、广东省注册会计师协会理事、深圳市注册会计师协会会长，兼任深圳前海微众银行独立董事，香港文化地标投资有限公司（香港联合交易所编号：00674）非执行董事，广东财经大学客座教授。曾在深圳市建材工业（集团）公司、深圳市永明会计师事务所、深圳广深会计师事务所、深圳友信会计师事务所、万隆亚洲会计师事务所、国富浩华会计师事务所工作。并曾出任深圳市注册会计师协会道德委员会委员、深圳市财政局注册会计师责任鉴定委员会委员、深圳注册会计师协会副会长、深圳市注册税务师协会常务理事、中国注册税务师协会理事。曾为深天健、同洲电子、深赛格和原平安银行独立董事等。
2b7c2439-3b88-c719-3c17-df9930396a69,邵平,男,1957-05,博士,中国,邵平先生，董事，董事会战略发展委员会主席、风险管理委员会委员及提名委员会委员。1957年出生，复旦大学经济学博士，高级经济师。1995年参加中国民生银行筹建，1996年至2012年，历任民生银行总行信贷部副主任、总行信贷业务部副总经理（主持工作）、总经理，上海分行党委书记、行长，总行党委委员、行长助理，总行党委委员、副行长，总行风险管理委员会主席。2012年10月至今，任平安银行董事；2012年11月至2016年10月，任平安银行行长。此外，2006年至今，受聘担任美国沃顿商学院董事会亚太地区执行董事。加入民生银行之前，曾任山东省潍坊市潍城区城市信用社联社党委书记、总经理，潍坊市信用联社党委副书记、副总经理。
69846867-1009-5419-d420-cb30cbea4747,郭田勇,男, ,博士,中国,郭田勇先生，独立董事。1968年8月出生，经济学博士，现任中央财经大学金融学院教授、博士生导师。2016年8月至今，任平安银行独立董事。郭先生于1990年在山东大学数学系获理学学士学位，1990-1993年任职于中国人民银行烟台分行，1996年在中国人民大学财政金融系获经济学硕士学位，1999年在中国人民银行研究生部获经济学博士学位。1999年至今任职于中央财经大学。目前兼任中国人民银行货币政策委员会咨询专家、中国支付清算协会互联网金融专家委员会成员、中国金融学会中国金融论坛（CFF）成员、中国国际金融学会理事、中国财富管理50人论坛特邀理事等多项学术职务。2014年5月至今任恒生电子股份有限公司独立董事，2014年10月至今任鼎捷软件股份有限公司独立董事。
86d1f618-70a2-0e62-b828-a85e0befd7a1,孙建一,男,1953-02,大专,中国,孙建一先生，董事长，董事会战略发展委员会委员及提名委员会委员。1953年出生，大专学历，高级经济师。2012年10月至今，任平安银行董事；2012年11月至今，任平安银行董事长。孙建一先生于1990年7月加入中国平安，历任管理本部总经理、中国平安副总经理、常务副总经理、副首席执行官等职务；自1994年10月起，出任中国平安常务副总经理至今；自1995年3月起，被选举为中国平安执行董事；自2008年10月起，被选举为中国平安董事会副董事长。并于1999年10月至2004年9月，兼任平安信托董事长；2008年1月至2012年6月，兼任原平安银行董事长。加入中国平安之前，孙建一先生1971年至1984年在中国人民银行武汉分行工作，历任信贷科副科长、办事处主任；1984年至1990年担任中国人民保险公司武汉分公司副总经理、武汉证券公司总经理。孙建一先生亦为深圳万科企业股份有限公司和中国保险保障基金有限责任公司非执行董事、海昌控股有限公司独立董事。
450dd558-2aa9-6791-e034-12fb74835da7,王春汉,男,1951-03,大专,中国,王春汉先生，独立董事。1951年出生，大专学历，高级经济师。2014年1月至今，任平安银行独立董事。1975年5月至1988年3月，历任中国人民银行武汉市分行四唯路办事处会计经办、党支部干事、党支部副书记，车站路办事处党支部副书记（主持工作）、书记，分行整党办公室干部，分行政治办公室副主任（主持工作）、主任（期间，1983年9月至1985年7月，在江汉大学学习）。1988年4月至1997年12月，任中国人民银行武汉市分行副行长（期间，1994年10月至1997年12月，兼任武汉市政府城市合作银行领导小组成员、筹建办主任）。1997年12月至2000年12月，任武汉市商业银行常务副董事长、党委书记、行长；2000年12月至2006年12月，任武汉市商业银行董事长、党委书记、行长；2006年12月至2009年7月（期间，武汉市商业银行于2008年6月更名为汉口银行），任汉口银行董事长、党委书记。2009年7月至2014年5月，任武汉市人民政府参事。2012年5月至2013年12月，任齐商银行独立董事。2011年12月至今，任西藏银行独立董事。
d304ebfd-2964-d7f2-1ac2-fb9fe330c7c3,韩小京,男,1955-02,硕士研究生,中国,韩小京先生，独立董事。1955年出生，法学硕士，中国执业律师，北京市通商律师事务所创始合伙人之一。2014年1月至今，任平安银行独立董事。韩小京先生1982年于中南财经政法大学（原名：湖北财经学院）获得法学学士学位，1985年于中国政法大学获法学硕士学位。1985年至1986年任中国政法大学讲师，1986年至1992年任中国法律事务中心律师，1992年至今任北京市通商律师事务所合伙人，主要从事证券、公司重组/兼并、银行、项目融资等方面的业务。韩小京先生2007年至今担任远洋集团控股有限公司独立非执行董事，2011年至今担任远东宏信有限公司独立非执行董事，2014年至今担任中国外运股份有限公司独立非执行董事、北京三聚环保新材料股份有限公司独立董事。
0bc0a1c7-1432-7015-803f-e9d73dd9e6c3,王松奇,男,1952,博士,中国,王松奇先生，独立董事。1952年出生，经济学博士，中国社科院研究生院教授、博士生导师，中央财经大学兼职博士生导师，西南财经大学客座教授。2014年1月至今，任平安银行独立董事。王松奇先生1982年于吉林财贸学院金融系获得经济学学士学位，1985年于天津财经学院金融系获得经济学硕士学位，1988年于中国人民大学财金系获得博士学位。于1988年8月至1995年12月在中国人民大学财金系任教，1996年1月至今，任中国社科院财贸所研究员和中国社科院金融所研究员。1990年起任第四届中国金融学会理事、全国中青年金融研究会会长，现任第六届中国金融学会常务理事，《银行家》杂志主编。享受国务院政府特殊津贴。2013年至今担任包商银行独立董事。
82f1c97f-553a-e5d8-9ffc-98a084f484be,蔡丽凤,女,1958-04,硕士研究生,中国,蔡丽凤女士：1958年4月出生，于1981年在英国城市大学进修，取得硕士研究生学历。2004年当选为英国电脑学会特许会员，2009年被邀为香港银行学会名誉专业财富管理师。现任平安银行副行长。1978年1月至1979年12月，担任ArmitageLtd.（香港）程序编写员／系统分析师；1980年1月至1980年9月，担任ICL（香港）系统工程师；1982年2月至1993年12月期间，先后担任IBM中国（香港）管培生、系统工程实习生、助理系统工程师、系统工程师、系统工程顾问、系统工程经理；1994年1月至2004年11月期间，先后担任香港和澳门花旗消费银行科技部系统开发主管、汉口中心分行经理、信用卡商户关系团队经理、直营及国际个人银行主管、区域销售经理、消费银行直营银行部董事；2004年11月至2010年6月，担任香港花旗银行分行销售及分销部董事；2010年7月以来，被花旗银行派驻广发银行任副行长（零售银行）。2013年3月起任平安银行副行长，分管平安银行零售条线。
a6a5e93a-c25a-9952-2aeb-82d27b63dfe0,姚贵平,男,1961,本科,中国,姚贵平先生，执行董事候选人。1961年出生，湖北教育学院经济管理专业大学本科学历，高级经济师。姚先生于1981年7月至1986年8月，任中国人民银行汉川县支行储蓄科管理员；1986年8月至1990年12月，任中国工商银行孝感分行计划科科长；1990年12月至1993年8月，任中国工商银行云梦县支行行长、党总支书记；1993年8月至2000年1月，任中国工商银行黄石市分行副行长、党委副书记；2000年1月至2004年3月，任中国工商银行湖北省分行资金部总经理；2004年3月至2007年4月，任中国工商银行十堰市分行行长、党委书记；2007年4月至2008年6月，任原平安银行总行公司部、交易银行部总经理；2008年6月至2016年11月，任平安银行深圳分行行长、党委书记；2013年5月至2016年11月，中国平安驻深圳统管党委书记暨深圳地区联席会议牵头人；2014年5月至2017年5月，任平安银行总行公司业务总监；2015年8月至今，获增补为平安银行总行党委委员；2016年7月至2016年11月，兼任平安银行零售业务发展管理委员会常务副主任；2017年5月至今，任平安银行行长助理。
5425515f-5c79-8e8b-3523-6efd4c19f7d2,赵继臣,男,1963,博士,中国,赵继臣先生：1963年出生，上海交大高级金融学院全球金融工商管理博士，高级经济师。现任平安银行执行董事、副行长。1982年9月至1984年1月，任中国人民银行枣庄分行科员；1984年2月至1998年7月，任中国工商银行枣庄分行科员、支行行长（党委书记）、信贷处长、党委委员、常务副行长；1998年8月至2002年2月底，任中国工商银行莱芜分行党委委员、常务副行长。2002年3月至2004年2月，任中国民生银行上海分行风险管理部总经理；2004年3月至2007年10月，任杭州分行党委委员、常务副行长；2007年11月至2008年11月，任民生银行中小企业金融事业部常务副总裁、风险总监；2008年11月至2012年10月，任民生银行风险管理部总经理、风险管理委员会秘书长。2013年1月起，任平安银行副行长。2014年1月起，任平安银行董事。现分管平安银行风险条线。
f0374435-b92e-8fa0-5b5d-3d9a5aac8bfe,郭世邦,男,1965,博士研究生,中国,郭世邦先生，执行董事候选人。1965年出生，北京大学光华管理学院博士研究生，高级经济师。郭先生于1991年7月至1998年7月，历任中国工商银行总行资金计划部主任科员、副处级调研员（主持工作）；1998年7月至2011年3月，历任中国民生银行北京上地支行行长、北京管理部党委委员兼副总经理、大连分行党委书记兼行长、总行零售管理委员会副主席兼零售银行部总经理；2011年3月至2014年3月，历任平安银行（原深圳发展银行）小微金融事业部总监、小企业金融事业部总裁；2014年3月至2016年10月，历任平安证券CEO特别助理、副总经理，并先后兼任公司首席风险官、合规总监等职务；2016年10月至2017年5月，任平安银行董事长特别助理；2017年5月至今，任平安银行行长助理。
d96d7eaf-47e1-0e01-06ad-6d1ce472f196,郭建,男,1964,硕士研究生,中国,郭建先生，非执行董事。1964年出生，成都电讯工程学院（现电子科技大学）电子物理与器件专业硕士研究生毕业。现任深圳中电投资股份有限公司党委副书记、董事、总经理。2017年2月至今，任平安银行董事。1988年5月加入深圳中电投资股份有限公司，历任业务员、主管副处长、总经理助理兼业务部经理、副总经理等职；2011年7月至今，任公司董事、总经理；2012年4月至今，任公司党委副书记，并任深圳中电前海信息产业有限公司董事长；2013年8月至2016年3月，任中国中电国际信息服务有限公司副总经理、党委副书记；2014年10月至2016年4月，任中国中电国际信息服务有限公司电子商务业务一部总经理。郭建先生兼任深圳市政协委员，深圳市进出口商会会长，中国机电产品进出口商会常务理事、深圳市企业联合会副会长等职务。
8a0e95f3-c7d3-232f-4de7-d29ad8f12418,陈心颖,女,1977-03,硕士研究生,新加坡,陈心颖女士，非执行董事。1977年出生，新加坡国籍，毕业于麻省理工学院，获得电气工程与计算机科学硕士、电气工程学士和经济学学士学位。自2013年1月起出任中国平安首席信息执行官和平安科技（深圳）有限公司的董事长兼CEO，2013年12月起出任中国平安首席运营官，2015年6月起出任中国平安副总经理，2016年1月起出任中国平安常务副总经理。2014年1月至今任平安银行董事。陈心颖女士加入中国平安之前，曾是麦肯锡公司合伙人（全球董事），专长于金融服务，在麦肯锡工作的12年间，曾与美国和亚洲10个国家的领先金融服务机构合作，主要专注于战略、组织、运营和信息技术领域。
c5f86f35-2baa-8640-177b-07f3010102ba,蔡方方,女,1974-01,硕士研究生,中国,蔡方方女士，非执行董事。1974年出生，获得澳大利亚新南威尔士大学会计学商业硕士学位。2014年7月至今，任中国平安执行董事。2015年3月至今，任中国平安首席人力资源执行官。2014年1月至今任平安银行董事。蔡女士于2007年7月加入中国平安，2009年10月至2012年2月期间先后出任中国平安人力资源中心薪酬规划管理部副总经理和总经理职务。2012年2月至2013年9月，任中国平安副首席财务执行官兼企划部总经理。2013年9月至2015年3月，任中国平安副首席人力资源执行官。加入中国平安前，蔡女士曾任华信惠悦咨询（上海）有限公司咨询总监和英国标准管理体系公司金融业审核总监等职务。
d3a1798d-5ce5-c585-813e-0ddbc5696d09,谢永林,男,1968,博士,中国,谢永林先生，执行董事、董事长。1968年9月出生，南京大学管理学博士、理学硕士。自2016年9月起出任中国平安副总经理，并自2016年12月起出任平安银行董事长至今。谢先生于1994年10月加入中国平安，从基层业务员做起，先后担任平安产险支公司副总经理、平安寿险分公司副总经理、总经理、平安寿险市场营销部总经理等职务。2005年6月至2006年3月任中国平安发展改革中心副主任，2006年3月至2013年11月先后担任平安银行运营总监、人力资源总监、副行长等职务，并自2013年11月至2016年11月先后担任平安证券董事长特别助理、总经理兼CEO、董事长。谢先生是中国证券行业协会互联网证券专业委员会主任委员。
2eae7fbf-7532-6f30-e5ff-6cadae8eb2bb,项有志,男,1964,博士, ,项有志先生，1964年出生，厦门大学管理学博士学位。项先生于1987年7月至1991年9月，任华东冶金学院（现安徽工业大学）经济管理系助教；1991年9月至1994年7月，在厦门大学就读会计学硕士专业；1994年8月至1995年8月，任华东冶金学院（现安徽工业大学）经济管理系讲师；1995年9月至1998年8月，在厦门大学就读会计学博士专业；1998年9月至2007年4月，历任招商银行总行会计部室经理、会计部总经理助理、会计部副总经理、计划财务部副总经理、员工监事；2007年4月至2013年7月，任深圳发展银行（现平安银行）计财总监，先后兼任财务管理部总经理、资产负债管理部总经理；2013年7月至2014年5月，任中国平安保险（集团）股份有限公司企划部总经理；2014年5月至2017年8月，任中国平安保险（集团）股份有限公司财务总监兼财务部总经理。
02e8feb9-00b9-3967-2ee9-a801e68635ea,叶素兰,女,1956-10,本科,中国,叶素兰女士，非执行董事。1956年出生，获得英国伦敦中央工艺学院计算机学士学位。自2011年1月起出任中国平安副总经理至今，并分别自2006年3月、2008年3月及2010年7月起担任中国平安首席稽核执行官、审计责任人及合规负责人至今。2010年6月至今，任平安银行（原深圳发展银行）董事。叶素兰女士于2004年2月加入中国平安，2004年2月至2006年3月任平安人寿总经理助理，2006年3月至2011年1月任中国平安总经理助理。此前，叶女士曾任职于友邦保险、香港保诚保险公司等。
57a83ca1-d2e2-5130-f8c6-f5e126bccb23,何之江,男,1965,硕士研究生,中国,何之江先生，1965年出生，山东大学外国语言文学专业硕士研究生学历，高级经济师。1986年7月至1989年9月，任青岛建工学院外语教研室教师；1989年9月至1992年7月，于山东大学外国语言文学专业获硕士学位；1992年7月至2001年9月，历任中国银行山东省分行外汇资金处交易员、纽约分行资金部高级交易员、山东省分行外汇资金处主任科员、法兰克福分行资金部副经理、经理；2001年9月至2007年1月，历任招商银行资金交易中心副主任、资金交易部副总经理；2007年1月至2013年10月，历任平安银行（原深圳发展银行）资金总监、首席资金执行官；2013年10月至2016年10月，历任浙江稠州商业银行常务副行长、行长。
9c434329-cf67-5087-0c72-8b0bc16ccef1,姚波,男,1971-01,硕士研究生,中国,姚波先生，非执行董事。1971年出生，北美精算师协会会员（FSA），并获得美国纽约大学工商管理硕士学位。自2009年6月起出任中国平安执行董事，自2010年4月和2009年6月起分别出任中国平安首席财务官和副总经理，于2012年10月起出任中国平安总精算师，于2016年1月起出任中国平安常务副总经理。2010年6月至今，任平安银行（原深圳发展银行）董事。姚波先生于2001年5月加入中国平安，2009年6月至2016年1月任中国平安副总经理，2008年3月至2010年4月任中国平安财务负责人，2007年1月至2010年6月任中国平安总精算师，2004年2月至2007年1月任中国平安财务副总监，2004年2月至2012年2月期间兼任中国平安企划部总经理，2002年12月至2007年1月任中国平安副总精算师，2001年至2002年曾任中国平安产品中心副总经理。此前，姚波先生任职德勤会计师事务所精算咨询高级经理。
3da7b788-4155-707e-b386-54537133cc4c,周强,男,1972,博士,中国,周强先生，董事会秘书。1972年出生，南开大学金融学系国际金融专业毕业，经济学博士。2001年7月至2007年4月，历任平安证券有限责任公司投资银行事业部业务经理、投行管理部副总经理、总经理；2007年4月至2011年10月，任中国平安（保险）集团股份有限公司董事会办公室副主任、证券事务代表；2011年10月至2014年5月，历任平安证券有限责任公司总经理助理、副总经理。2014年6月至今，任平安银行董事会秘书。2016年12月至今，兼任平安银行投资银行事业部联席总裁。
d51a7088-88b5-757a-84cd-63ce37cc1ccb,杨华,男,1969,博士, ,杨华先生，1969年出生，上海交通大学管理工程学博士，现任平安银行行长助理兼上海分行行长。1995年4月至2001年10月，历任工商银行上海分行信贷员、副科长、科长、支行行长助理，2001年11月至2005年6月，任民生银行上海分行虹口支行行长，2005年7月至2010年6月，历任民生银行上海分行行长助理、副行长，2010年7月至2013年2月，任民生银行苏州分行行长。2013年3月至今，任平安银行行长助理兼上海分行行长。
a501cdf5-44b8-e487-2bea-f9ff39c02925,吴鹏,男,1965,博士,中国,吴鹏先生，副行长。1965年出生，博士。于2003年毕业于南京大学企业管理专业，获博士学位。吴鹏先生1989年进入金融业工作，先后在中国平安各下属子公司工作，历任平安寿险深圳分公司副总、平安寿险南京分公司总经理、平安产险总公司协理、平安寿险总公司副总经理、平安产险总公司总经理、平安保险香港公司董事长、原平安银行东区事业部总经理等职务，2011年8月起任平安银行（原深圳发展银行）副行长。
f38b83c4-fefc-6b21-e808-3fed10a10afb,胡跃飞,男,1962,研究生,中国,胡跃飞先生，执行董事、行长。1962年出生，研究生学历。1979年12月至1983年7月，任中国人民银行湖南省东安县支行科员；1983年8月至1986年7月，在湖南金融干部管理学院学习；1986年8月至1989年12月，任中国工商银行湖南省分行科员、人事处副科长。1990年1月至1999年2月，历任深圳发展银行党办宣传室主任、支行副行长、支行行长；1999年2月至2006年5月，历任深圳发展银行广州分行行长、总行行长助理。2006年5月至2016年12月，任平安银行（原深圳发展银行）副行长。2007年12月至今，任平安银行（原深圳发展银行）董事。2016年12月至今，任平安银行行长。
